Locus	Allele	% Identity	HSP/Locus length	Type
AEJV01_03887	5	100.00	222/222	DNA
C_RS24035	9	100.00	1680/1680	DNA
C_RS24040	4	100.00	420/420	DNA
EAKF1_RS07940	5	99.24	132/132	DNA
ECs0267	1	100.00	402/402	DNA
ECs4266	1	100.00	759/759	DNA
ECs4518	1	100.00	717/717	DNA
ECs4702	1	100.00	1647/1647	DNA
EFER_RS06010	11	100.00	1137/1137	DNA
EFER_RS09440	4	100.00	159/159	DNA
NCTC12129_00311	12	100.00	2394/2394	DNA
NCTC12129_01305	10	100.00	783/783	DNA
NCTC12129_03460	11	100.00	1206/1206	DNA
NCTC12129_03503	11	100.00	756/756	DNA
NCTC12130_00627	9	100.00	660/660	DNA
b0001	-	-	-	DNA
b0002	13	100.00	2463/2463	DNA
b0003	9	100.00	933/933	DNA
b0004	12	100.00	1287/1287	DNA
b0005	9	100.00	297/297	DNA
b0006	11	100.00	777/777	DNA
b0008	11	100.00	954/954	DNA
b0009	12	100.00	588/588	DNA
b0010	9	100.00	567/567	DNA
b0011	10	100.00	714/714	DNA
b0013	11	100.00	405/405	DNA
b0014	556	100.00	1917/1917	DNA
b0015	10	100.00	1131/1131	DNA
b0018	?	-	-	DNA
b0019	12	100.00	1167/1167	DNA
b0020	10	100.00	906/906	DNA
b0023	1	100.00	264/264	DNA
b0024	6	100.00	225/225	DNA
b0025	10	100.00	942/942	DNA
b0026	11	100.00	2817/2817	DNA
b0027	9	100.00	495/495	DNA
b0028	10	99.78	450/450	DNA
b0029	10	100.00	951/951	DNA
b0030	10	100.00	915/915	DNA
b0031	9	100.00	822/822	DNA
b0032	10	100.00	1149/1149	DNA
b0033	11	100.00	3222/3222	DNA
b0034	6	100.00	396/396	DNA
b0035	10	100.00	591/591	DNA
b0036	10	100.00	786/786	DNA
b0037	11	100.00	1554/1554	DNA
b0039	6	100.00	1143/1143	DNA
b0040	10	100.00	1515/1515	DNA
b0041	11	100.00	771/771	DNA
b0042	10	100.00	942/942	DNA
b0043	9	100.00	1287/1287	DNA
b0044	9	100.00	288/288	DNA
b0046	12	100.00	531/531	DNA
b0047	12	100.00	1863/1863	DNA
b0048	10	100.00	480/480	DNA
b0050	3	100.00	378/378	DNA
b0051	9	100.00	822/822	DNA
b0052	9	100.00	990/990	DNA
b0053	10	100.00	1287/1287	DNA
b0054	12	100.00	2355/2355	DNA
b0055	10	100.00	816/816	DNA
b0058	9	100.00	660/660	DNA
b0059	11	100.00	2907/2907	DNA
b0060	11	100.00	2352/2352	DNA
b0062	11	100.00	1503/1503	DNA
b0063	13	100.00	1701/1701	DNA
b0065	11	100.00	765/765	DNA
b0066	12	100.00	699/699	DNA
b0067	13	100.00	1611/1611	DNA
b0068	11	100.00	984/984	DNA
b0071	9	100.00	606/606	DNA
b0072	10	100.00	1401/1401	DNA
b0073	9	100.00	1092/1092	DNA
b0074	10	100.00	1572/1572	DNA
b0075	1	100.00	87/87	DNA
b0076	12	100.00	945/945	DNA
b0077	12	100.00	1725/1725	DNA
b0078	8	100.00	492/492	DNA
b0080	10	100.00	1005/1005	DNA
b0081	6	100.00	459/459	DNA
b0082	11	100.00	942/942	DNA
b0083	2	100.00	366/366	DNA
b0084	10	100.00	1767/1767	DNA
b0085	12	100.00	1488/1488	DNA
b0086	12	100.00	1359/1359	DNA
b0087	10	100.00	1083/1083	DNA
b0088	11	100.00	1317/1317	DNA
b0089	9	100.00	1245/1245	DNA
b0090	12	100.00	1068/1068	DNA
b0091	10	99.93	1476/1476	DNA
b0092	11	100.00	921/921	DNA
b0093	8	100.00	831/831	DNA
b0094	11	100.00	1263/1263	DNA
b0095	9	100.00	1152/1152	DNA
b0096	8	100.00	918/918	DNA
b0097	7	100.00	513/513	DNA
b0098	9	100.00	2706/2706	DNA
b0101	3	100.00	198/198	DNA
b0102	10	100.00	744/744	DNA
b0103	12	100.00	621/621	DNA
b0104	10	100.00	1044/1044	DNA
b0106	11	100.00	1203/1203	DNA
b0108	8	100.00	441/441	DNA
b0109	368	100.00	894/894	DNA
b0110	8	100.00	552/552	DNA
b0111	11	100.00	855/855	DNA
b0112	9	99.93	1374/1374	DNA
b0113	10	100.00	765/765	DNA
b0114	11	100.00	2664/2664	DNA
b0115	10	100.00	1893/1893	DNA
b0116	10	100.00	1425/1425	DNA
b0118	10	100.00	2598/2598	DNA
b0119	10	100.00	363/363	DNA
b0120	9	100.00	795/795	DNA
b0121	11	100.00	867/867	DNA
b0122	8	100.00	348/348	DNA
b0123	11	100.00	1551/1551	DNA
b0125	8	100.00	537/537	DNA
b0126	9	100.00	663/663	DNA
b0127	11	100.00	927/927	DNA
b0128	11	100.00	771/771	DNA
b0129	9	100.00	441/441	DNA
b0130	10	100.00	1230/1230	DNA
b0131	1	100.00	381/381	DNA
b0133	12	100.00	852/852	DNA
b0134	12	100.00	795/795	DNA
b0142	12	100.00	480/480	DNA
b0143	10	100.00	1398/1398	DNA
b0144	9	100.00	927/927	DNA
b0145	5	100.00	456/456	DNA
b0146	1	100.00	705/705	DNA
b0147	11	100.00	531/531	DNA
b0148	12	100.00	2430/2430	DNA
b0149	12	100.00	2535/2535	DNA
b0151	10	99.88	798/798	DNA
b0152	11	100.00	891/891	DNA
b0153	13	100.00	1983/1983	DNA
b0154	11	100.00	1281/1281	DNA
b0155	11	100.00	1422/1422	DNA
b0156	8	100.00	345/345	DNA
b0157	10	100.00	624/624	DNA
b0158	9	100.00	801/801	DNA
b0159	10	100.00	699/699	DNA
b0161	9	100.00	1425/1425	DNA
b0162	11	100.00	1158/1158	DNA
b0163	1	100.00	387/387	DNA
b0166	11	100.00	825/825	DNA
b0167	12	100.00	2673/2673	DNA
b0168	10	100.00	795/795	DNA
b0169	1	100.00	726/726	DNA
b0170	8	100.00	852/852	DNA
b0171	7	100.00	726/726	DNA
b0172	3	100.00	558/558	DNA
b0173	10	100.00	1197/1197	DNA
b0174	7	100.00	762/762	DNA
b0175	1	100.00	858/858	DNA
b0176	10	100.00	1353/1353	DNA
b0177	11	100.00	2433/2433	DNA
b0178	8	100.00	486/486	DNA
b0179	7	100.00	1026/1026	DNA
b0180	5	100.00	456/456	DNA
b0181	5	100.00	789/789	DNA
b0182	11	100.00	1149/1149	DNA
b0183	11	100.00	597/597	DNA
b0184	11	100.00	3483/3483	DNA
b0185	11	100.00	960/960	DNA
b0187	10	100.00	390/390	DNA
b0189	8	100.00	255/255	DNA
b0190	11	100.00	546/546	DNA
b0191	11	100.00	411/411	DNA
b0192	10	100.00	711/711	DNA
b0194	11	100.00	1719/1719	DNA
b0195	13	100.00	708/708	DNA
b0196	8	100.00	405/405	DNA
b0197	9	100.00	816/816	DNA
b0198	12	100.00	654/654	DNA
b0199	11	100.00	1032/1032	DNA
b0209	10	100.00	801/801	DNA
b0211	11	100.00	1359/1359	DNA
b0212	13	100.00	756/756	DNA
b0213	10	100.00	723/723	DNA
b0214	12	100.00	468/468	DNA
b0215	12	100.00	732/732	DNA
b0220	9	100.00	474/474	DNA
b0221	11	100.00	2445/2445	DNA
b0222	10	100.00	579/579	DNA
b0223	10	100.00	768/768	DNA
b0224	13	100.00	741/741	DNA
b0231	12	100.00	1056/1056	DNA
b0234	9	100.00	453/453	DNA
b0237	11	100.00	1458/1458	DNA
b0238	2	100.00	459/459	DNA
b0239	13	100.00	1245/1245	DNA
b0241	12	100.00	1056/1056	DNA
b0242	13	100.00	1104/1104	DNA
b0243	12	100.00	1254/1254	DNA
b0366	10	100.00	768/768	DNA
b0367	12	100.00	828/828	DNA
b0368	10	100.00	852/852	DNA
b0369	11	100.00	975/975	DNA
b0375	1	100.00	624/624	DNA
b0376	12	100.00	1158/1158	DNA
b0377	11	100.00	1221/1221	DNA
b0378	11	100.00	1095/1095	DNA
b0379	1	100.00	309/309	DNA
b0380	1	100.00	213/213	DNA
b0381	11	100.00	1095/1095	DNA
b0382	1	100.00	261/261	DNA
b0383	11	100.00	1416/1416	DNA
b0384	9	100.00	321/321	DNA
b0386	12	100.00	810/810	DNA
b0388	8	100.00	525/525	DNA
b0389	9	100.00	192/192	DNA
b0390	9	100.00	678/678	DNA
b0391	9	100.00	285/285	DNA
b0393	9	100.00	912/912	DNA
b0394	10	100.00	909/909	DNA
b0397	12	100.00	3144/3144	DNA
b0398	11	100.00	1203/1203	DNA
b0399	7	100.00	690/690	DNA
b0400	11	100.00	1296/1296	DNA
b0401	10	100.00	1320/1320	DNA
b0402	6	100.00	1374/1374	DNA
b0403	707	100.00	1815/1815	DNA
b0404	9	100.00	582/582	DNA
b0405	9	100.00	1071/1071	DNA
b0406	10	100.00	1128/1128	DNA
b0407	1	100.00	333/333	DNA
b0408	10	100.00	1848/1848	DNA
b0409	9	100.00	972/972	DNA
b0410	2	100.00	348/348	DNA
b0411	8	100.00	885/885	DNA
b0413	6	100.00	450/450	DNA
b0414	12	100.00	1104/1104	DNA
b0415	5	100.00	471/471	DNA
b0416	6	100.00	420/420	DNA
b0417	13	100.00	978/978	DNA
b0419	11	100.00	975/975	DNA
b0420	10	100.00	1863/1863	DNA
b0421	13	100.00	900/900	DNA
b0422	6	100.00	243/243	DNA
b0423	10	100.00	1449/1449	DNA
b0424	11	100.00	591/591	DNA
b0425	12	100.00	912/912	DNA
b0426	8	100.00	492/492	DNA
b0428	9	99.89	891/891	DNA
b0429	8	100.00	330/330	DNA
b0430	10	100.00	615/615	DNA
b0431	11	100.00	1992/1992	DNA
b0433	12	100.00	1476/1476	DNA
b0434	10	100.00	579/579	DNA
b0435	1	100.00	318/318	DNA
b0436	11	100.00	1299/1299	DNA
b0437	8	99.52	624/624	DNA
b0438	9	100.00	1275/1275	DNA
b0439	11	100.00	2355/2355	DNA
b0441	11	100.00	1872/1872	DNA
b0443	8	100.00	399/399	DNA
b0444	9	100.00	696/696	DNA
b0445	10	100.00	1701/1701	DNA
b0446	11	100.00	819/819	DNA
b0447	9	100.00	459/459	DNA
b0448	12	100.00	1773/1773	DNA
b0449	11	100.00	1782/1782	DNA
b0451	9	100.00	1287/1287	DNA
b0452	11	100.00	861/861	DNA
b0453	11	100.00	573/573	DNA
b0454	7	100.00	390/390	DNA
b0456	5	100.00	354/354	DNA
b0457	11	100.00	1551/1551	DNA
b0458	8	100.00	471/471	DNA
b0459	7	100.00	552/552	DNA
b0460	1	100.00	219/219	DNA
b0461	9	100.00	375/375	DNA
b0462	10	100.00	3150/3150	DNA
b0463	12	100.00	1194/1194	DNA
b0464	9	100.00	648/648	DNA
b0465	11	100.00	3363/3363	DNA
b0467	9	100.00	528/528	DNA
b0468	9	100.00	378/378	DNA
b0469	9	100.00	552/552	DNA
b0470	11	100.00	1932/1932	DNA
b0471	6	100.00	330/330	DNA
b0472	8	100.00	606/606	DNA
b0473	11	100.00	1875/1875	DNA
b0474	8	100.00	645/645	DNA
b0475	12	100.00	963/963	DNA
b0477	12	100.00	1305/1305	DNA
b0478	11	100.00	1677/1677	DNA
b0481	11	100.00	480/480	DNA
b0482	10	100.00	795/795	DNA
b0484	13	100.00	2505/2505	DNA
b0485	11	100.00	933/933	DNA
b0486	11	100.00	1293/1293	DNA
b0487	6	100.00	408/408	DNA
b0489	10	100.00	918/918	DNA
b0490	8	100.00	678/678	DNA
b0491	8	100.00	780/780	DNA
b0492	11	100.00	855/855	DNA
b0493	10	100.00	810/810	DNA
b0494	6	100.00	627/627	DNA
b0495	9	100.00	687/687	DNA
b0496	11	100.00	2415/2415	DNA
b0503	9	100.00	1095/1095	DNA
b0521	10	100.00	894/894	DNA
b0522	13	100.00	1068/1068	DNA
b0523	9	100.00	510/510	DNA
b0524	11	100.00	723/723	DNA
b0526	10	100.00	1386/1386	DNA
b0528	7	100.00	213/213	DNA
b0529	8	100.00	867/867	DNA
b0571	7	100.00	684/684	DNA
b0577	11	100.00	1248/1248	DNA
b0578	11	100.00	654/654	DNA
b0580	9	100.00	249/249	DNA
b0592	10	100.00	957/957	DNA
b0593	10	100.00	1176/1176	DNA
b0594	11	100.00	1611/1611	DNA
b0596	12	100.00	747/747	DNA
b0597	11	100.00	414/414	DNA
b0599	10	100.00	1089/1089	DNA
b0600	11	100.00	1161/1161	DNA
b0605	1	100.00	564/564	DNA
b0606	10	100.00	1566/1566	DNA
b0607	9	100.00	429/429	DNA
b0610	5	100.00	411/411	DNA
b0611	10	100.00	807/807	DNA
b0612	11	100.00	1464/1464	DNA
b0613	10	100.00	879/879	DNA
b0614	10	100.00	552/552	DNA
b0615	11	100.00	1533/1533	DNA
b0616	10	100.00	909/909	DNA
b0617	6	100.00	297/297	DNA
b0624	12	100.00	384/384	DNA
b0627	1	100.00	204/204	DNA
b0628	8	100.00	966/966	DNA
b0630	9	100.00	642/642	DNA
b0631	1	100.00	264/264	DNA
b0632	9	100.00	1212/1212	DNA
b0633	10	100.00	1089/1089	DNA
b0634	9	100.00	1113/1113	DNA
b0635	10	100.00	1902/1902	DNA
b0636	2	100.00	468/468	DNA
b0637	5	100.00	318/318	DNA
b0638	11	100.00	612/612	DNA
b0639	12	100.00	642/642	DNA
b0640	12	100.00	1032/1032	DNA
b0641	10	100.00	582/582	DNA
b0642	10	100.00	2583/2583	DNA
b0643	1	100.00	483/483	DNA
b0651	10	100.00	936/936	DNA
b0653	10	100.00	675/675	DNA
b0654	8	100.00	741/741	DNA
b0655	9	100.00	909/909	DNA
b0658	7	100.00	879/879	DNA
b0659	8	100.00	468/468	DNA
b0660	9	100.00	1041/1041	DNA
b0661	10	100.00	1425/1425	DNA
b0662	11	100.00	1176/1176	DNA
b0674	10	100.00	1665/1665	DNA
b0675	9	100.00	753/753	DNA
b0676	11	100.00	1221/1221	DNA
b0677	12	100.00	1149/1149	DNA
b0678	9	100.00	801/801	DNA
b0679	11	100.00	1947/1947	DNA
b0680	9	100.00	1665/1665	DNA
b0682	9	100.00	327/327	DNA
b0683	8	100.00	447/447	DNA
b0684	5	100.00	531/531	DNA
b0685	7	100.00	294/294	DNA
b0686	10	100.00	765/765	DNA
b0687	10	100.00	546/546	DNA
b0688	9	100.00	1641/1641	DNA
b0694	11	100.00	678/678	DNA
b0695	11	99.96	2685/2685	DNA
b0696	8	100.00	573/573	DNA
b0697	12	100.00	2049/2049	DNA
b0698	11	100.00	1674/1674	DNA
b0699	8	100.00	207/207	DNA
b0707	8	100.00	510/510	DNA
b0708	9	100.00	1419/1419	DNA
b0709	9	100.00	1482/1482	DNA
b0710	9	100.00	744/744	DNA
b0711	11	100.00	657/657	DNA
b0712	12	100.00	933/933	DNA
b0713	11	100.00	735/735	DNA
b0714	12	100.00	792/792	DNA
b0715	10	100.00	1047/1047	DNA
b0720	8	100.00	1284/1284	DNA
b0721	6	100.00	390/390	DNA
b0722	7	100.00	348/348	DNA
b0724	7	100.00	717/717	DNA
b0726	8	100.00	2802/2802	DNA
b0727	8	100.00	1218/1218	DNA
b0728	8	100.00	1167/1167	DNA
b0729	9	100.00	870/870	DNA
b0733	8	100.00	1569/1569	DNA
b0734	9	100.00	1140/1140	DNA
b0735	8	100.00	294/294	DNA
b0736	4	100.00	405/405	DNA
b0737	9	100.00	693/693	DNA
b0738	5	100.00	429/429	DNA
b0739	10	100.00	1185/1185	DNA
b0740	7	100.00	1293/1293	DNA
b0741	1	100.00	522/522	DNA
b0742	10	100.00	792/792	DNA
b0751	7	100.00	720/720	DNA
b0753	9	100.00	381/381	DNA
b0755	9	100.00	753/753	DNA
b0756	12	100.00	1041/1041	DNA
b0757	11	100.00	1149/1149	DNA
b0758	12	100.00	1047/1047	DNA
b0759	9	100.00	1017/1017	DNA
b0760	11	100.00	1473/1473	DNA
b0761	11	100.00	789/789	DNA
b0762	1	100.00	150/150	DNA
b0763	8	100.00	774/774	DNA
b0764	10	100.00	690/690	DNA
b0765	10	100.00	1059/1059	DNA
b0767	11	100.00	996/996	DNA
b0772	12	100.00	1284/1284	DNA
b0773	8	100.00	477/477	DNA
b0774	10	100.00	1290/1290	DNA
b0775	9	100.00	1041/1041	DNA
b0776	11	100.00	1155/1155	DNA
b0777	9	100.00	756/756	DNA
b0778	9	100.00	678/678	DNA
b0779	10	100.00	2022/2022	DNA
b0780	11	100.00	909/909	DNA
b0781	11	100.00	990/990	DNA
b0782	9	100.00	513/513	DNA
b0783	8	100.00	486/486	DNA
b0784	9	100.00	246/246	DNA
b0785	11	100.00	453/453	DNA
b0786	11	100.00	705/705	DNA
b0789	10	100.00	1242/1242	DNA
b0790	12	100.00	762/762	DNA
b0791	10	100.00	411/411	DNA
b0792	9	100.00	1107/1107	DNA
b0793	8	100.00	1134/1134	DNA
b0794	11	100.00	1737/1737	DNA
b0795	10	100.00	999/999	DNA
b0796	10	100.00	672/672	DNA
b0799	11	100.00	2151/2151	DNA
b0800	10	100.00	963/963	DNA
b0801	9	100.00	1086/1086	DNA
b0802	9	100.00	261/261	DNA
b0803	10	100.00	267/267	DNA
b0804	8	100.00	687/687	DNA
b0806	7	100.00	261/261	DNA
b0807	10	100.00	927/927	DNA
b0808	10	100.00	2226/2226	DNA
b0809	10	100.00	723/723	DNA
b0810	8	100.00	660/660	DNA
b0811	7	100.00	747/747	DNA
b0812	5	100.00	504/504	DNA
b0813	11	100.00	888/888	DNA
b0814	9	100.00	516/516	DNA
b0815	11	100.00	1584/1584	DNA
b0817	6	100.00	468/468	DNA
b0818	9	100.00	1119/1119	DNA
b0819	9	100.00	921/921	DNA
b0822	11	100.00	816/816	DNA
b0823	11	100.00	2432/2432	DNA
b0824	12	100.00	900/900	DNA
b0826	14	100.00	750/750	DNA
b0827	11	100.00	1236/1236	DNA
b0828	10	100.00	966/966	DNA
b0829	11	100.00	1872/1872	DNA
b0830	11	100.00	1539/1539	DNA
b0831	12	100.00	921/921	DNA
b0832	12	100.00	912/912	DNA
b0835	10	100.00	1326/1326	DNA
b0836	1	100.00	384/384	DNA
b0840	12	100.00	759/759	DNA
b0841	9	100.00	597/597	DNA
b0842	8	100.00	1233/1233	DNA
b0843	5	100.00	285/285	DNA
b0844	10	100.00	816/816	DNA
b0845	9	100.00	1209/1209	DNA
b0846	7	100.00	537/537	DNA
b0847	9	100.00	1686/1686	DNA
b0848	8	100.00	378/378	DNA
b0849	3	100.00	258/258	DNA
b0850	8	100.00	288/288	DNA
b0852	?	-	-	DNA
b0853	7	100.00	477/477	DNA
b0854	11	100.00	1113/1113	DNA
b0855	11	100.00	1134/1134	DNA
b0856	10	100.00	954/954	DNA
b0857	10	100.00	846/846	DNA
b0858	7	100.00	489/489	DNA
b0859	11	100.00	1128/1128	DNA
b0861	8	100.00	669/669	DNA
b0862	7	100.00	717/717	DNA
b0863	8	100.00	732/732	DNA
b0864	6	100.00	729/729	DNA
b0865	10	100.00	516/516	DNA
b0866	9	100.00	324/324	DNA
b0867	10	100.00	831/831	DNA
b0868	11	100.00	1014/1014	DNA
b0869	8	100.00	1431/1431	DNA
b0870	12	100.00	1002/1002	DNA
b0871	13	100.00	1719/1719	DNA
b0872	9	100.00	969/969	DNA
b0873	10	100.00	1653/1653	DNA
b0874	9	100.00	900/900	DNA
b0876	12	100.00	1659/1659	DNA
b0877	9	100.00	993/993	DNA
b0878	11	100.00	1116/1116	DNA
b0879	13	100.00	1947/1947	DNA
b0880	1	100.00	225/225	DNA
b0881	1	100.00	321/321	DNA
b0884	1	100.00	219/219	DNA
b0885	11	100.00	705/705	DNA
b0886	12	100.00	1722/1722	DNA
b0887	11	100.00	1767/1767	DNA
b0888	9	100.00	966/966	DNA
b0889	7	100.00	495/495	DNA
b0890	13	100.00	4029/4029	DNA
b0891	1	100.00	612/612	DNA
b0892	9	100.00	1344/1344	DNA
b0893	10	100.00	1293/1293	DNA
b0894	10	100.00	2445/2445	DNA
b0896	9	100.00	864/864	DNA
b0898	12	100.00	1149/1149	DNA
b0902	9	100.00	741/741	DNA
b0903	1621	100.00	2286/2286	DNA
b0904	9	100.00	858/858	DNA
b0905	11	100.00	1761/1761	DNA
b0906	12	100.00	693/693	DNA
b0907	11	100.00	1089/1089	DNA
b0908	11	100.00	1284/1284	DNA
b0909	9	100.00	765/765	DNA
b0910	9	100.00	684/684	DNA
b0911	10	100.00	1674/1674	DNA
b0912	1	100.00	285/285	DNA
b0914	9	100.00	1749/1749	DNA
b0915	10	100.00	987/987	DNA
b0916	10	100.00	1233/1233	DNA
b0917	5	100.00	183/183	DNA
b0918	10	100.00	747/747	DNA
b0919	10	100.00	894/894	DNA
b0920	11	100.00	780/780	DNA
b0921	10	100.00	786/786	DNA
b0922	7	100.00	1323/1323	DNA
b0923	9	100.00	705/705	DNA
b0924	11	100.00	4461/4461	DNA
b0925	12	100.00	1848/1848	DNA
b0926	8	100.00	549/549	DNA
b0927	11	100.00	648/648	DNA
b0928	9	100.00	1191/1191	DNA
b0929	8	100.00	1089/1089	DNA
b0930	8	100.00	1401/1401	DNA
b0931	10	100.00	1203/1203	DNA
b0932	11	100.00	2613/2613	DNA
b0935	9	100.00	1146/1146	DNA
b0936	10	100.00	960/960	DNA
b0945	7	100.00	1011/1011	DNA
b0946	10	100.00	543/543	DNA
b0947	11	100.00	1110/1110	DNA
b0948	11	100.00	2109/2109	DNA
b0949	11	100.00	1908/1908	DNA
b0950	12	100.00	1254/1254	DNA
b0951	10	100.00	1641/1641	DNA
b0952	8	100.00	564/564	DNA
b0953	1	100.00	168/168	DNA
b0954	1	100.00	519/519	DNA
b0955	13	100.00	1761/1761	DNA
b0956	9	100.00	453/453	DNA
b0957	2	100.00	1041/1041	DNA
b0958	1	100.00	510/510	DNA
b0961	9	100.00	447/447	DNA
b0962	13	100.00	2055/2055	DNA
b0963	8	100.00	459/459	DNA
b0964	8	100.00	663/663	DNA
b0965	11	100.00	414/414	DNA
b0966	5	100.00	318/318	DNA
b0967	10	100.00	1191/1191	DNA
b0968	8	100.00	279/279	DNA
b0969	8	100.00	330/330	DNA
b0970	8	100.00	660/660	DNA
b0972	9	100.00	1119/1119	DNA
b0973	9	100.00	1794/1794	DNA
b0974	8	100.00	708/708	DNA
b0975	9	100.00	588/588	DNA
b0976	8	100.00	399/399	DNA
b0977	8	100.00	858/858	DNA
b0995	7	100.00	693/693	DNA
b0996	9	100.00	1173/1173	DNA
b0999	7	100.00	306/306	DNA
b1000	9	100.00	921/921	DNA
b1002	9	100.00	1242/1242	DNA
b1003	6	100.00	228/228	DNA
b1013	11	100.00	639/639	DNA
b1033	11	100.00	939/939	DNA
b1034	11	100.00	738/738	DNA
b1035	11	100.00	555/555	DNA
b1036	8	100.00	492/492	DNA
b1037	9	100.00	834/834	DNA
b1045	10	100.00	534/534	DNA
b1046	11	100.00	1422/1422	DNA
b1047	11	100.00	1158/1158	DNA
b1048	9	100.00	1536/1536	DNA
b1049	9	100.00	2544/2544	DNA
b1054	11	100.00	921/921	DNA
b1055	9	100.00	1053/1053	DNA
b1056	10	100.00	576/576	DNA
b1057	8	100.00	567/567	DNA
b1059	12	100.00	1119/1119	DNA
b1060	4	100.00	255/255	DNA
b1061	8	100.00	246/246	DNA
b1062	13	100.00	1047/1047	DNA
b1063	10	100.00	561/561	DNA
b1065	12	100.00	1209/1209	DNA
b1066	8	100.00	585/585	DNA
b1067	12	100.00	648/648	DNA
b1069	11	100.00	1536/1536	DNA
b1070	12	100.00	417/417	DNA
b1071	9	100.00	294/294	DNA
b1072	9	100.00	660/660	DNA
b1073	10	100.00	417/417	DNA
b1074	9	100.00	405/405	DNA
b1075	8	100.00	696/696	DNA
b1076	11	100.00	1206/1206	DNA
b1077	11	100.00	756/756	DNA
b1078	7	100.00	783/783	DNA
b1079	7	100.00	699/699	DNA
b1080	11	100.00	1098/1098	DNA
b1081	13	100.00	942/942	DNA
b1082	13	100.00	1644/1644	DNA
b1083	13	100.00	954/954	DNA
b1084	14	100.00	3186/3186	DNA
b1085	1	100.00	321/321	DNA
b1086	9	100.00	960/960	DNA
b1087	9	100.00	585/585	DNA
b1088	2	100.00	522/522	DNA
b1089	1	100.00	174/174	DNA
b1090	13	100.00	1071/1071	DNA
b1091	12	100.00	954/954	DNA
b1092	10	100.00	930/930	DNA
b1093	7	100.00	735/735	DNA
b1094	2	100.00	237/237	DNA
b1095	9	100.00	1242/1242	DNA
b1096	8	100.00	810/810	DNA
b1097	11	100.00	1023/1023	DNA
b1098	10	100.00	642/642	DNA
b1099	12	100.00	1005/1005	DNA
b1100	8	100.00	798/798	DNA
b1103	7	100.00	360/360	DNA
b1104	2	100.00	378/378	DNA
b1105	11	100.00	642/642	DNA
b1106	10	100.00	825/825	DNA
b1107	12	100.00	1026/1026	DNA
b1108	10	100.00	543/543	DNA
b1109	10	100.00	1305/1305	DNA
b1110	10	100.00	540/540	DNA
b1111	9	100.00	633/633	DNA
b1112	1	100.00	258/258	DNA
b1113	8	100.00	963/963	DNA
b1114	11	100.00	3447/3447	DNA
b1115	10	100.00	1074/1074	DNA
b1116	11	100.00	1200/1200	DNA
b1117	9	100.00	702/702	DNA
b1118	13	100.00	1245/1245	DNA
b1119	10	100.00	912/912	DNA
b1123	26	100.00	1047/1047	DNA
b1124	10	100.00	795/795	DNA
b1126	10	100.00	1137/1137	DNA
b1128	12	100.00	1122/1122	DNA
b1129	11	100.00	1461/1461	DNA
b1130	10	100.00	672/672	DNA
b1131	8	100.00	1371/1371	DNA
b1132	8	100.00	642/642	DNA
b1133	8	100.00	1107/1107	DNA
b1134	8	100.00	462/462	DNA
b1135	9	100.00	654/654	DNA
b1136	11	100.00	1251/1251	DNA
b1174	7	100.00	267/267	DNA
b1175	8	100.00	813/813	DNA
b1176	10	100.00	696/696	DNA
b1179	1	100.00	294/294	DNA
b1180	12	100.00	660/660	DNA
b1181	8	100.00	462/462	DNA
b1185	7	100.00	531/531	DNA
b1186	8	100.00	1542/1542	DNA
b1187	10	100.00	720/720	DNA
b1188	9	100.00	1533/1533	DNA
b1189	9	100.00	1299/1299	DNA
b1190	13	100.00	1071/1071	DNA
b1191	10	100.00	1737/1737	DNA
b1192	13	100.00	915/915	DNA
b1193	12	100.00	612/612	DNA
b1195	10	100.00	255/255	DNA
b1203	9	100.00	1092/1092	DNA
b1204	9	100.00	585/585	DNA
b1205	1	100.00	279/279	DNA
b1206	11	100.00	1680/1680	DNA
b1207	2	100.00	948/948	DNA
b1208	10	100.00	852/852	DNA
b1209	9	100.00	624/624	DNA
b1210	9	100.00	1257/1257	DNA
b1211	9	100.00	1083/1083	DNA
b1212	9	100.00	834/834	DNA
b1213	9	100.00	393/393	DNA
b1214	10	100.00	810/810	DNA
b1215	10	100.00	855/855	DNA
b1216	11	100.00	1101/1101	DNA
b1217	6	100.00	231/231	DNA
b1218	11	100.00	696/696	DNA
b1219	10	100.00	354/354	DNA
b1220	10	100.00	1395/1395	DNA
b1221	8	100.00	651/651	DNA
b1222	9	100.00	1797/1797	DNA
b1223	9	100.00	1392/1392	DNA
b1225	10	100.00	1539/1539	DNA
b1226	10	100.00	711/711	DNA
b1232	8	100.00	843/843	DNA
b1233	7	100.00	459/459	DNA
b1234	9	100.00	906/906	DNA
b1235	12	100.00	1014/1014	DNA
b1236	9	100.00	909/909	DNA
b1237	5	100.00	414/414	DNA
b1238	9	100.00	618/618	DNA
b1241	11	100.00	2676/2676	DNA
b1242	10	100.00	648/648	DNA
b1243	14	100.00	1632/1632	DNA
b1244	11	100.00	921/921	DNA
b1245	10	100.00	909/909	DNA
b1246	11	100.00	1014/1014	DNA
b1247	11	100.00	1005/1005	DNA
b1248	8	100.00	330/330	DNA
b1249	12	100.00	1461/1461	DNA
b1250	9	100.00	1254/1254	DNA
b1251	1	100.00	297/297	DNA
b1252	9	100.00	720/720	DNA
b1253	8	100.00	399/399	DNA
b1254	10	100.00	540/540	DNA
b1255	11	100.00	744/744	DNA
b1256	11	100.00	639/639	DNA
b1260	8	100.00	807/807	DNA
b1261	7	100.00	1194/1194	DNA
b1262	11	100.00	1362/1362	DNA
b1263	11	100.00	1596/1596	DNA
b1264	13	100.00	1563/1563	DNA
b1265	1	100.00	45/45	DNA
b1266	10	100.00	882/882	DNA
b1267	10	100.00	621/621	DNA
b1269	9	100.00	873/873	DNA
b1270	11	100.00	591/591	DNA
b1271	12	100.00	759/759	DNA
b1272	11	100.00	1050/1050	DNA
b1273	11	100.00	252/252	DNA
b1274	10	100.00	2598/2598	DNA
b1275	8	100.00	975/975	DNA
b1276	9	100.00	2676/2676	DNA
b1277	7	100.00	591/591	DNA
b1278	8	100.00	765/765	DNA
b1279	7	100.00	309/309	DNA
b1280	12	100.00	1170/1170	DNA
b1281	11	100.00	738/738	DNA
b1282	10	100.00	327/327	DNA
b1283	8	100.00	219/219	DNA
b1284	9	100.00	750/750	DNA
b1286	12	100.00	1935/1935	DNA
b1287	12	100.00	1128/1128	DNA
b1288	8	100.00	789/789	DNA
b1290	10	100.00	807/807	DNA
b1291	9	100.00	993/993	DNA
b1292	10	100.00	891/891	DNA
b1293	9	100.00	966/966	DNA
b1294	13	100.00	1644/1644	DNA
b1295	9	99.59	246/246	DNA
b1304	9	100.00	669/669	DNA
b1305	6	100.00	225/225	DNA
b1306	8	100.00	360/360	DNA
b1307	9	100.00	222/222	DNA
b1308	6	100.00	315/315	DNA
b1321	12	100.00	1398/1398	DNA
b1322	10	100.00	1062/1062	DNA
b1323	11	100.00	1542/1542	DNA
b1324	12	100.00	507/507	DNA
b1325	13	100.00	966/966	DNA
b1326	11	100.00	729/729	DNA
b1329	12	100.00	1614/1614	DNA
b1332	6	100.00	258/258	DNA
b1333	11	100.00	951/951	DNA
b1334	10	100.00	753/753	DNA
b1335	11	100.00	516/516	DNA
b1340	12	100.00	564/564	DNA
b1342	10	100.00	984/984	DNA
b1343	12	100.00	1374/1374	DNA
b1344	11	100.00	936/936	DNA
b1376	6	100.00	435/435	DNA
b1378	10	100.00	3525/3525	DNA
b1380	10	100.00	990/990	DNA
b1381	11	100.00	2640/2640	DNA
b1382	7	100.00	186/186	DNA
b1412	10	100.00	606/606	DNA
b1413	11	100.00	3903/3903	DNA
b1418	11	100.00	531/531	DNA
b1422	11	100.00	924/924	DNA
b1423	12	100.00	1344/1344	DNA
b1424	12	100.00	1656/1656	DNA
b1426	7	100.00	225/225	DNA
b1428	10	100.00	981/981	DNA
b1429	9	100.00	993/993	DNA
b1430	11	100.00	594/594	DNA
b1445	?	-	-	DNA
b1446	8	100.00	234/234	DNA
b1448	11	100.00	519/519	DNA
b1473	12	100.00	882/882	DNA
b1476	8	100.00	654/654	DNA
b1477	9	100.00	285/285	DNA
b1479	10	100.00	1698/1698	DNA
b1482	10	100.00	432/432	DNA
b1491	12	100.00	1320/1320	DNA
b1492	11	100.00	1536/1536	DNA
b1521	12	100.00	1452/1452	DNA
b1524	13	100.00	927/927	DNA
b1528	10	100.00	1191/1191	DNA
b1529	9	100.00	666/666	DNA
b1530	10	100.00	435/435	DNA
b1531	7	100.00	384/384	DNA
b1532	7	100.00	219/219	DNA
b1538	12	100.00	2046/2046	DNA
b1539	13	100.00	747/747	DNA
b1540	12	100.00	687/687	DNA
b1541	1	100.00	204/204	DNA
b1591	9	100.00	615/615	DNA
b1592	12	100.00	1257/1257	DNA
b1593	9	100.00	696/696	DNA
b1594	13	100.00	1221/1221	DNA
b1595	9	100.00	894/894	DNA
b1596	12	100.00	1254/1254	DNA
b1597	11	100.00	309/309	DNA
b1598	10	100.00	822/822	DNA
b1599	6	100.00	330/330	DNA
b1600	10	100.00	366/366	DNA
b1602	10	100.00	1389/1389	DNA
b1603	11	100.00	1533/1533	DNA
b1604	11	100.00	945/945	DNA
b1605	10	100.00	1383/1383	DNA
b1606	12	100.00	723/723	DNA
b1607	1	100.00	336/336	DNA
b1608	10	100.00	720/720	DNA
b1609	10	99.92	1302/1302	DNA
b1610	12	100.00	930/930	DNA
b1611	11	100.00	1404/1404	DNA
b1613	10	100.00	1176/1176	DNA
b1614	9	100.00	1509/1509	DNA
b1620	9	100.00	1029/1029	DNA
b1621	12	100.00	1593/1593	DNA
b1622	11	100.00	1173/1173	DNA
b1623	8	100.00	1002/1002	DNA
b1624	11	100.00	1041/1041	DNA
b1625	7	100.00	216/216	DNA
b1626	7	100.00	441/441	DNA
b1627	6	100.00	582/582	DNA
b1628	9	100.00	579/579	DNA
b1630	9	100.00	1059/1059	DNA
b1631	11	100.00	621/621	DNA
b1632	9	100.00	696/696	DNA
b1633	12	100.00	636/636	DNA
b1634	8	100.00	1503/1503	DNA
b1636	8	100.00	864/864	DNA
b1637	9	100.00	1275/1275	DNA
b1638	10	100.00	657/657	DNA
b1640	8	100.00	1110/1110	DNA
b1641	8	100.00	468/468	DNA
b1642	11	100.00	435/435	DNA
b1643	8	100.00	237/237	DNA
b1644	12	100.00	858/858	DNA
b1646	7	100.00	522/522	DNA
b1647	11	100.00	897/897	DNA
b1648	10	100.00	240/240	DNA
b1649	9	100.00	600/600	DNA
b1650	11	100.00	1098/1098	DNA
b1651	6	100.00	408/408	DNA
b1652	9	100.00	648/648	DNA
b1654	7	100.00	348/348	DNA
b1655	8	100.00	816/816	DNA
b1656	8	100.00	582/582	DNA
b1657	10	100.00	1170/1170	DNA
b1658	9	100.00	1026/1026	DNA
b1659	9	100.00	933/933	DNA
b1660	12	100.00	1212/1212	DNA
b1661	10	100.00	1149/1149	DNA
b1662	9	100.00	642/642	DNA
b1663	10	100.00	1374/1374	DNA
b1664	610	100.00	1257/1257	DNA
b1667	9	100.00	306/306	DNA
b1669	10	100.00	813/813	DNA
b1675	1	100.00	210/210	DNA
b1676	10	100.00	1413/1413	DNA
b1677	1	100.00	237/237	DNA
b1678	9	100.00	1005/1005	DNA
b1679	11	100.00	417/417	DNA
b1680	12	100.00	1221/1221	DNA
b1681	10	100.00	1272/1272	DNA
b1682	9	100.00	747/747	DNA
b1683	9	100.00	1488/1488	DNA
b1684	7	100.00	369/369	DNA
b1685	3	100.00	189/189	DNA
b1686	11	100.00	411/411	DNA
b1687	11	100.00	3057/3057	DNA
b1688	8	100.00	1113/1113	DNA
b1692	9	100.00	867/867	DNA
b1693	10	100.00	759/759	DNA
b1702	11	100.00	2379/2379	DNA
b1703	11	100.00	834/834	DNA
b1704	13	100.00	1047/1047	DNA
b1705	1	100.00	192/192	DNA
b1706	-	-	-	DNA
b1707	12	100.00	714/714	DNA
b1708	10	100.00	465/465	DNA
b1709	10	100.00	750/750	DNA
b1710	9	100.00	552/552	DNA
b1711	11	100.00	981/981	DNA
b1712	1	100.00	300/300	DNA
b1713	11	100.00	2388/2388	DNA
b1714	10	100.00	984/984	DNA
b1715	-	-	-	DNA
b1716	2	100.00	357/357	DNA
b1717	1	100.00	198/198	DNA
b1718	1	100.00	543/543	DNA
b1719	10	100.00	1929/1929	DNA
b1722	9	100.00	759/759	DNA
b1723	10	100.00	930/930	DNA
b1724	2	100.00	291/291	DNA
b1725	10	100.00	861/861	DNA
b1726	12	100.00	537/537	DNA
b1727	13	100.00	669/669	DNA
b1728	8	100.00	591/591	DNA
b1729	9	100.00	1392/1392	DNA
b1731	8	100.00	243/243	DNA
b1733	10	100.00	759/759	DNA
b1736	9	100.00	351/351	DNA
b1738	1	100.00	321/321	DNA
b1739	3	100.00	339/339	DNA
b1740	11	100.00	828/828	DNA
b1742	10	100.00	576/576	DNA
b1744	9	100.00	969/969	DNA
b1745	10	100.00	1344/1344	DNA
b1746	13	100.00	1479/1479	DNA
b1747	13	100.00	1035/1035	DNA
b1748	11	100.00	1221/1221	DNA
b1749	9	100.00	807/807	DNA
b1751	9	100.00	678/678	DNA
b1752	10	100.00	708/708	DNA
b1753	9	100.00	549/549	DNA
b1756	9	100.00	654/654	DNA
b1757	10	100.00	1308/1308	DNA
b1759	8	100.00	408/408	DNA
b1760	9	100.00	273/273	DNA
b1761	11	100.00	1344/1344	DNA
b1764	12	100.00	1044/1044	DNA
b1765	11	100.00	552/552	DNA
b1766	14	100.00	1857/1857	DNA
b1767	12	100.00	1017/1017	DNA
b1768	13	100.00	642/642	DNA
b1777	9	100.00	273/273	DNA
b1778	14	100.00	414/414	DNA
b1779	7	100.00	996/996	DNA
b1780	12	100.00	885/885	DNA
b1781	12	100.00	855/855	DNA
b1782	9	100.00	747/747	DNA
b1787	8	100.00	504/504	DNA
b1788	3	100.00	105/105	DNA
b1789	10	100.00	447/447	DNA
b1792	8	100.00	348/348	DNA
b1793	6	100.00	255/255	DNA
b1804	11	100.00	1128/1128	DNA
b1805	11	100.00	1686/1686	DNA
b1806	11	100.00	582/582	DNA
b1807	12	100.00	696/696	DNA
b1808	11	100.00	1911/1911	DNA
b1809	11	100.00	345/345	DNA
b1810	8	100.00	300/300	DNA
b1811	1	100.00	180/180	DNA
b1812	11	100.00	1362/1362	DNA
b1813	11	100.00	579/579	DNA
b1815	8	100.00	1599/1599	DNA
b1816	11	100.00	1557/1557	DNA
b1817	9	100.00	972/972	DNA
b1818	7	100.00	801/801	DNA
b1819	3	100.00	852/852	DNA
b1821	8	100.00	567/567	DNA
b1822	12	100.00	810/810	DNA
b1824	1	100.00	144/144	DNA
b1825	8	100.00	288/288	DNA
b1826	5	100.00	144/144	DNA
b1827	9	100.00	792/792	DNA
b1829	11	100.00	882/882	DNA
b1830	12	100.00	2049/2049	DNA
b1831	10	100.00	699/699	DNA
b1832	10	100.00	498/498	DNA
b1833	9	100.00	1284/1284	DNA
b1834	13	100.00	2634/2634	DNA
b1835	11	100.00	1440/1440	DNA
b1837	11	100.00	192/192	DNA
b1839	10	100.00	342/342	DNA
b1840	10	100.00	873/873	DNA
b1841	11	100.00	375/375	DNA
b1842	8	100.00	231/231	DNA
b1843	10	100.00	657/657	DNA
b1844	12	100.00	663/663	DNA
b1845	11	100.00	2061/2061	DNA
b1846	11	100.00	660/660	DNA
b1847	6	100.00	357/357	DNA
b1848	1	100.00	291/291	DNA
b1849	13	100.00	1179/1179	DNA
b1850	10	100.00	642/642	DNA
b1851	12	100.00	1812/1812	DNA
b1852	11	100.00	1476/1476	DNA
b1853	10	100.00	870/870	DNA
b1854	10	100.00	1443/1443	DNA
b1855	11	100.00	972/972	DNA
b1856	12	100.00	1323/1323	DNA
b1857	11	100.00	933/933	DNA
b1858	11	100.00	756/756	DNA
b1859	12	100.00	786/786	DNA
b1860	9	100.00	1011/1011	DNA
b1861	10	100.00	612/612	DNA
b1863	9	100.00	522/522	DNA
b1864	10	100.00	741/741	DNA
b1865	9	100.00	453/453	DNA
b1866	10	100.00	1773/1773	DNA
b1869	3	100.00	396/396	DNA
b1870	9	100.00	744/744	DNA
b1871	10	100.00	972/972	DNA
b1874	10	100.00	747/747	DNA
b1875	10	100.00	567/567	DNA
b1876	10	100.00	1734/1734	DNA
b1897	9	100.00	801/801	DNA
b1900	12	100.00	1515/1515	DNA
b1901	9	100.00	990/990	DNA
b1902	7	100.00	504/504	DNA
b1904	10	100.00	324/324	DNA
b1905	9	100.00	498/498	DNA
b1906	10	100.00	240/240	DNA
b1907	12	100.00	1212/1212	DNA
b1908	11	100.00	666/666	DNA
b1912	10	100.00	549/549	DNA
b1913	12	100.00	1833/1833	DNA
b1914	5	100.00	657/657	DNA
b1915	4	100.00	225/225	DNA
b1917	13	100.00	753/753	DNA
b1918	10	100.00	669/669	DNA
b1919	14	100.00	987/987	DNA
b1920	10	100.00	801/801	DNA
b1922	10	100.00	720/720	DNA
b1925	10	100.00	411/411	DNA
b1927	13	100.00	1488/1488	DNA
b1928	10	100.00	414/414	DNA
b1929	10	100.00	1206/1206	DNA
b1930	1	100.00	234/234	DNA
b1937	11	100.00	315/315	DNA
b1952	1	100.00	189/189	DNA
b1953	1	100.00	228/228	DNA
b1957	9	100.00	183/183	DNA
b1958	12	100.00	918/918	DNA
b1959	11	100.00	921/921	DNA
b1960	10	100.00	471/471	DNA
b1961	11	100.00	1419/1419	DNA
b1969	11	100.00	672/672	DNA
b1970	8	100.00	414/414	DNA
b1971	12	100.00	1005/1005	DNA
b1972	11	100.00	636/636	DNA
b1973	10	100.00	651/651	DNA
b1976	13	100.00	798/798	DNA
b1983	10	100.00	717/717	DNA
b1987	14	100.00	951/951	DNA
b1992	7	100.00	744/744	DNA
b2007	3	100.00	330/330	DNA
b2014	11	100.00	1359/1359	DNA
b2016	14	100.00	825/825	DNA
b2065	10	100.00	582/582	DNA
b2066	8	100.00	642/642	DNA
b2075	11	100.00	3123/3123	DNA
b2077	12	100.00	1416/1416	DNA
b2078	11	100.00	1404/1404	DNA
b2079	9	100.00	723/723	DNA
b2080	8	100.00	333/333	DNA
b2081	7	100.00	1362/1362	DNA
b2086	11	100.00	900/900	DNA
b2097	12	100.00	1053/1053	DNA
b2099	10	100.00	1005/1005	DNA
b2100	11	100.00	966/966	DNA
b2101	328	100.00	747/747	DNA
b2103	12	100.00	801/801	DNA
b2104	10	100.00	789/789	DNA
b2105	8	100.00	273/273	DNA
b2107	10	100.00	339/339	DNA
b2113	8	100.00	1110/1110	DNA
b2124	10	100.00	471/471	DNA
b2125	12	100.00	720/720	DNA
b2126	9	100.00	1686/1686	DNA
b2128	12	100.00	732/732	DNA
b2129	10	100.00	927/927	DNA
b2130	10	100.00	1158/1158	DNA
b2131	10	100.00	918/918	DNA
b2132	736	100.00	2298/2298	DNA
b2133	10	100.00	1716/1716	DNA
b2134	10	100.00	933/933	DNA
b2135	10	99.83	588/588	DNA
b2136	9	100.00	579/579	DNA
b2141	12	100.00	399/399	DNA
b2142	11	100.00	696/696	DNA
b2143	9	100.00	885/885	DNA
b2144	10	100.00	720/720	DNA
b2145	1	100.00	240/240	DNA
b2146	10	99.92	1239/1239	DNA
b2147	10	100.00	1236/1236	DNA
b2148	9	100.00	1011/1011	DNA
b2149	10	100.00	1521/1521	DNA
b2150	10	100.00	999/999	DNA
b2151	10	100.00	1041/1041	DNA
b2152	12	100.00	1158/1158	DNA
b2153	8	100.00	669/669	DNA
b2156	8	100.00	1470/1470	DNA
b2157	8	100.00	882/882	DNA
b2158	10	100.00	1050/1050	DNA
b2159	1	100.00	858/858	DNA
b2160	10	100.00	1089/1089	DNA
b2165	11	100.00	939/939	DNA
b2167	12	100.00	1692/1692	DNA
b2168	9	100.00	939/939	DNA
b2169	11	100.00	1131/1131	DNA
b2171	8	100.00	573/573	DNA
b2172	694	100.00	1467/1467	DNA
b2173	12	100.00	987/987	DNA
b2174	11	100.00	714/714	DNA
b2175	2	100.00	567/567	DNA
b2176	10	100.00	1557/1557	DNA
b2177	12	100.00	1815/1815	DNA
b2178	9	100.00	1095/1095	DNA
b2179	13	100.00	1026/1026	DNA
b2180	13	100.00	1590/1590	DNA
b2181	5	100.00	345/345	DNA
b2182	10	100.00	1191/1191	DNA
b2183	8	100.00	696/696	DNA
b2184	11	100.00	1761/1761	DNA
b2185	5	100.00	285/285	DNA
b2186	9	100.00	1008/1008	DNA
b2187	1	100.00	228/228	DNA
b2188	11	100.00	1761/1761	DNA
b2193	9	100.00	648/648	DNA
b2194	9	100.00	1053/1053	DNA
b2195	9	100.00	558/558	DNA
b2196	9	100.00	1944/1944	DNA
b2197	9	100.00	480/480	DNA
b2198	2	100.00	210/210	DNA
b2199	9	100.00	738/738	DNA
b2200	8	100.00	663/663	DNA
b2201	7	100.00	624/624	DNA
b2202	6	100.00	603/603	DNA
b2203	9	100.00	450/450	DNA
b2204	11	100.00	864/864	DNA
b2205	12	100.00	696/696	DNA
b2206	11	100.00	2487/2487	DNA
b2207	6	100.00	264/264	DNA
b2208	9	100.00	495/495	DNA
b2209	9	100.00	489/489	DNA
b2210	10	100.00	1647/1647	DNA
b2211	12	100.00	1644/1644	DNA
b2212	11	100.00	651/651	DNA
b2213	9	100.00	1065/1065	DNA
b2214	9	100.00	1056/1056	DNA
b2216	11	100.00	2673/2673	DNA
b2217	9	100.00	651/651	DNA
b2218	57	100.00	2850/2850	DNA
b2225	9	100.00	777/777	DNA
b2231	9	100.00	2628/2628	DNA
b2232	10	100.00	723/723	DNA
b2234	10	100.00	2286/2286	DNA
b2235	9	100.00	1131/1131	DNA
b2236	7	100.00	255/255	DNA
b2237	8	100.00	651/651	DNA
b2239	9	100.00	1077/1077	DNA
b2240	11	100.00	1359/1359	DNA
b2241	9	100.00	1629/1629	DNA
b2242	10	100.00	1260/1260	DNA
b2243	10	100.00	1191/1191	DNA
b2249	9	100.00	1203/1203	DNA
b2250	11	100.00	543/543	DNA
b2251	11	100.00	426/426	DNA
b2252	9	100.00	603/603	DNA
b2253	11	100.00	1140/1140	DNA
b2254	9	100.00	969/969	DNA
b2255	12	100.00	1983/1983	DNA
b2256	10	100.00	891/891	DNA
b2257	11	100.00	1653/1653	DNA
b2258	10	100.00	387/387	DNA
b2259	7	100.00	267/267	DNA
b2260	10	100.00	1356/1356	DNA
b2261	10	100.00	963/963	DNA
b2262	8	100.00	858/858	DNA
b2263	9	100.00	759/759	DNA
b2264	13	100.00	1671/1671	DNA
b2265	11	100.00	1296/1296	DNA
b2266	7	100.00	306/306	DNA
b2267	8	100.00	462/462	DNA
b2268	12	100.00	918/918	DNA
b2272	345	99.72	359/502	DNA
b2276	10	100.00	1458/1458	DNA
b2277	9	100.00	1530/1530	DNA
b2278	10	100.00	1842/1842	DNA
b2279	6	100.00	303/303	DNA
b2280	9	100.00	555/555	DNA
b2281	7	100.00	543/543	DNA
b2282	9	100.00	978/978	DNA
b2283	11	100.00	2727/2727	DNA
b2284	10	100.00	1338/1338	DNA
b2285	10	100.00	501/501	DNA
b2286	9	100.00	1791/1791	DNA
b2287	2	100.00	663/663	DNA
b2288	4	100.00	444/444	DNA
b2289	13	100.00	939/939	DNA
b2290	9	100.00	1218/1218	DNA
b2291	11	100.00	600/600	DNA
b2292	11	100.00	1833/1833	DNA
b2293	10	100.00	651/651	DNA
b2294	8	100.00	495/495	DNA
b2295	11	100.00	456/456	DNA
b2296	8	100.00	1203/1203	DNA
b2297	9	100.00	2145/2145	DNA
b2298	11	100.00	1521/1521	DNA
b2299	10	100.00	543/543	DNA
b2300	10	100.00	555/555	DNA
b2301	11	100.00	645/645	DNA
b2302	7	100.00	648/648	DNA
b2303	6	100.00	363/363	DNA
b2304	11	100.00	894/894	DNA
b2306	10	100.00	774/774	DNA
b2307	9	100.00	717/717	DNA
b2308	12	100.00	687/687	DNA
b2309	11	100.00	783/783	DNA
b2311	10	100.00	570/570	DNA
b2312	10	100.00	1518/1518	DNA
b2313	9	100.00	489/489	DNA
b2314	10	100.00	663/663	DNA
b2315	9	100.00	1269/1269	DNA
b2316	8	100.00	915/915	DNA
b2317	8	100.00	660/660	DNA
b2318	11	100.00	813/813	DNA
b2319	11	100.00	1014/1014	DNA
b2320	13	100.00	1137/1137	DNA
b2321	9	100.00	996/996	DNA
b2322	12	100.00	1179/1179	DNA
b2323	11	100.00	1221/1221	DNA
b2324	10	100.00	2007/2007	DNA
b2325	8	100.00	279/279	DNA
b2326	12	100.00	549/549	DNA
b2327	10	100.00	810/810	DNA
b2328	12	100.00	825/825	DNA
b2329	10	100.00	1086/1086	DNA
b2330	10	100.00	933/933	DNA
b2331	11	100.00	552/552	DNA
b2340	9	100.00	486/486	DNA
b2341	11	100.00	2145/2145	DNA
b2342	12	100.00	1311/1311	DNA
b2343	7	100.00	285/285	DNA
b2344	12	100.00	1341/1341	DNA
b2346	11	99.87	756/756	DNA
b2347	10	100.00	933/933	DNA
b2377	8	100.00	243/243	DNA
b2378	8	100.00	921/921	DNA
b2379	9	100.00	1239/1239	DNA
b2381	10	100.00	735/735	DNA
b2382	9	100.00	858/858	DNA
b2384	9	100.00	1038/1038	DNA
b2386	10	100.00	1248/1248	DNA
b2387	8	100.00	327/327	DNA
b2388	10	100.00	966/966	DNA
b2389	9	100.00	1257/1257	DNA
b2390	8	100.00	327/327	DNA
b2392	12	100.00	1239/1239	DNA
b2393	10	100.00	1203/1203	DNA
b2398	8	100.00	345/345	DNA
b2399	7	100.00	393/393	DNA
b2400	9	100.00	1416/1416	DNA
b2410	10	100.00	999/999	DNA
b2411	12	100.00	2016/2016	DNA
b2412	10	100.00	999/999	DNA
b2413	11	100.00	762/762	DNA
b2414	10	100.00	972/972	DNA
b2415	2	100.00	258/258	DNA
b2417	8	100.00	510/510	DNA
b2418	8	100.00	852/852	DNA
b2421	9	100.00	912/912	DNA
b2422	8	100.00	1098/1098	DNA
b2423	8	100.00	876/876	DNA
b2424	10	100.00	834/834	DNA
b2425	9	100.00	1017/1017	DNA
b2426	10	100.00	792/792	DNA
b2428	9	100.00	897/897	DNA
b2431	11	100.00	900/900	DNA
b2432	9	100.00	576/576	DNA
b2433	6	100.00	450/450	DNA
b2434	9	100.00	426/426	DNA
b2435	11	100.00	870/870	DNA
b2436	9	100.00	900/900	DNA
b2438	7	100.00	501/501	DNA
b2439	11	100.00	660/660	DNA
b2461	8	100.00	480/480	DNA
b2462	7	100.00	336/336	DNA
b2463	12	100.00	2280/2280	DNA
b2464	13	100.00	951/951	DNA
b2466	12	100.00	1044/1044	DNA
b2467	10	100.00	576/576	DNA
b2468	12	100.00	1980/1980	DNA
b2470	13	100.00	3114/3114	DNA
b2471	10	100.00	357/357	DNA
b2472	9	100.00	1128/1128	DNA
b2473	11	100.00	699/699	DNA
b2474	10	100.00	2016/2016	DNA
b2475	12	100.00	864/864	DNA
b2476	11	100.00	714/714	DNA
b2477	10	100.00	1035/1035	DNA
b2478	8	100.00	879/879	DNA
b2479	10	100.00	573/573	DNA
b2480	4	100.00	471/471	DNA
b2493	10	100.00	1062/1062	DNA
b2494	12	100.00	1464/1464	DNA
b2495	8	100.00	360/360	DNA
b2496	1	100.00	702/702	DNA
b2497	11	100.00	1290/1290	DNA
b2498	10	100.00	627/627	DNA
b2499	11	100.00	1038/1038	DNA
b2500	9	100.00	639/639	DNA
b2501	11	100.00	2067/2067	DNA
b2502	12	100.00	1542/1542	DNA
b2504	1	100.00	192/192	DNA
b2505	9	100.00	519/519	DNA
b2506	9	100.00	540/540	DNA
b2507	10	100.00	1578/1578	DNA
b2508	10	100.00	1467/1467	DNA
b2511	9	99.93	1473/1473	DNA
b2512	12	100.00	1179/1179	DNA
b2513	7	100.00	621/621	DNA
b2514	10	100.00	1275/1275	DNA
b2515	8	100.00	1119/1119	DNA
b2516	11	100.00	1014/1014	DNA
b2517	10	100.00	1155/1155	DNA
b2518	6	100.00	432/432	DNA
b2522	11	100.00	777/777	DNA
b2523	9	100.00	1284/1284	DNA
b2524	1	100.00	201/201	DNA
b2525	9	100.00	336/336	DNA
b2527	10	100.00	516/516	DNA
b2528	6	100.00	324/324	DNA
b2529	7	100.00	387/387	DNA
b2530	10	100.00	1215/1215	DNA
b2531	8	100.00	489/489	DNA
b2533	9	100.00	804/804	DNA
b2534	10	100.00	855/855	DNA
b2535	10	100.00	1281/1281	DNA
b2536	12	100.00	1140/1140	DNA
b2543	9	100.00	423/423	DNA
b2544	9	100.00	873/873	DNA
b2545	10	100.00	1062/1062	DNA
b2547	10	100.00	1512/1512	DNA
b2550	11	100.00	1194/1194	DNA
b2551	10	100.00	1254/1254	DNA
b2552	13	100.00	1191/1191	DNA
b2555	10	100.00	714/714	DNA
b2556	11	100.00	1428/1428	DNA
b2557	11	100.00	3888/3888	DNA
b2558	8	100.00	1557/1557	DNA
b2559	6	100.00	504/504	DNA
b2560	11	100.00	636/636	DNA
b2561	11	100.00	849/849	DNA
b2562	8	100.00	261/261	DNA
b2563	11	100.00	381/381	DNA
b2564	11	100.00	732/732	DNA
b2565	9	100.00	729/729	DNA
b2566	10	100.00	906/906	DNA
b2567	8	100.00	681/681	DNA
b2568	11	100.00	975/975	DNA
b2569	9	100.00	1800/1800	DNA
b2570	7	100.00	480/480	DNA
b2571	10	100.00	957/957	DNA
b2572	10	100.00	639/639	DNA
b2573	1	100.00	576/576	DNA
b2575	11	100.00	738/738	DNA
b2576	10	100.00	1335/1335	DNA
b2577	9	100.00	882/882	DNA
b2578	10	100.00	588/588	DNA
b2580	9	100.00	690/690	DNA
b2581	10	100.00	1038/1038	DNA
b2582	10	100.00	420/420	DNA
b2583	11	100.00	699/699	DNA
b2584	12	100.00	2661/2661	DNA
b2585	12	100.00	1356/1356	DNA
b2586	7	100.00	324/324	DNA
b2587	9	99.92	1299/1299	DNA
b2592	9	100.00	2574/2574	DNA
b2593	11	100.00	732/732	DNA
b2594	9	100.00	981/981	DNA
b2595	8	100.00	738/738	DNA
b2597	1	100.00	342/342	DNA
b2598	2	100.00	48/48	DNA
b2599	11	100.00	1161/1161	DNA
b2600	11	100.00	1122/1122	DNA
b2601	8	100.00	1071/1071	DNA
b2602	9	100.00	366/366	DNA
b2603	6	100.00	519/519	DNA
b2605	10	100.00	483/483	DNA
b2606	1	100.00	348/348	DNA
b2607	8	100.00	768/768	DNA
b2608	7	100.00	549/549	DNA
b2609	1	100.00	249/249	DNA
b2610	10	100.00	1362/1362	DNA
b2611	10	100.00	792/792	DNA
b2615	8	100.00	879/879	DNA
b2616	11	100.00	1662/1662	DNA
b2617	7	100.00	342/342	DNA
b2618	9	100.00	291/291	DNA
b2619	7	100.00	477/477	DNA
b2620	8	100.00	483/483	DNA
b2664	9	100.00	663/663	DNA
b2665	7	100.00	450/450	DNA
b2666	1	100.00	159/159	DNA
b2667	8	100.00	300/300	DNA
b2668	10	100.00	525/525	DNA
b2669	9	100.00	405/405	DNA
b2670	11	100.00	450/450	DNA
b2671	1	100.00	345/345	DNA
b2672	11	100.00	330/330	DNA
b2673	1	100.00	246/246	DNA
b2675	13	100.00	2145/2145	DNA
b2676	11	100.00	960/960	DNA
b2677	9	100.00	1203/1203	DNA
b2678	10	100.00	1065/1065	DNA
b2679	9	100.00	993/993	DNA
b2682	7	100.00	738/738	DNA
b2683	8	100.00	336/336	DNA
b2684	6	100.00	531/531	DNA
b2685	13	100.00	1173/1173	DNA
b2686	10	100.00	1539/1539	DNA
b2687	9	100.00	516/516	DNA
b2688	12	100.00	1557/1557	DNA
b2689	10	100.00	429/429	DNA
b2690	9	100.00	567/567	DNA
b2696	1	100.00	186/186	DNA
b2697	9	100.00	2631/2631	DNA
b2698	6	100.00	501/501	DNA
b2699	9	100.00	1062/1062	DNA
b2700	10	100.00	498/498	DNA
b2701	10	100.00	1086/1086	DNA
b2708	10	100.00	966/966	DNA
b2709	9	100.00	1515/1515	DNA
b2710	-	-	-	DNA
b2711	538	100.00	1134/1134	DNA
b2713	9	100.00	528/528	DNA
b2722	11	100.00	924/924	DNA
b2723	12	100.00	1827/1827	DNA
b2724	10	100.00	612/612	DNA
b2725	8	100.00	462/462	DNA
b2726	4	100.00	351/351	DNA
b2727	13	100.00	873/873	DNA
b2728	9	100.00	273/273	DNA
b2729	12	100.00	1122/1122	DNA
b2730	11	100.00	1011/1011	DNA
b2733	11	100.00	2562/2562	DNA
b2741	8	100.00	993/993	DNA
b2742	11	100.00	1140/1140	DNA
b2743	11	100.00	627/627	DNA
b2744	10	100.00	762/762	DNA
b2745	11	100.00	1050/1050	DNA
b2746	8	100.00	480/480	DNA
b2747	10	100.00	711/711	DNA
b2748	1	100.00	312/312	DNA
b2749	8	100.00	324/324	DNA
b2750	10	100.00	606/606	DNA
b2751	11	100.00	1428/1428	DNA
b2752	10	100.00	909/909	DNA
b2753	11	100.00	1038/1038	DNA
b2762	11	100.00	735/735	DNA
b2763	11	100.00	1713/1713	DNA
b2764	11	100.00	1800/1800	DNA
b2765	9	100.00	366/366	DNA
b2777	9	100.00	672/672	DNA
b2779	9	100.00	1299/1299	DNA
b2780	9	100.00	1638/1638	DNA
b2781	13	100.00	792/792	DNA
b2784	9	100.00	2235/2235	DNA
b2785	10	100.00	1302/1302	DNA
b2786	11	100.00	2757/2757	DNA
b2790	11	100.00	450/450	DNA
b2791	7	100.00	783/783	DNA
b2792	9	100.00	330/330	DNA
b2793	11	100.00	546/546	DNA
b2794	12	100.00	849/849	DNA
b2795	10	100.00	1365/1365	DNA
b2796	10	100.00	1290/1290	DNA
b2798	10	100.00	756/756	DNA
b2799	11	100.00	1149/1149	DNA
b2800	10	100.00	648/648	DNA
b2802	11	100.00	1776/1776	DNA
b2803	10	100.00	1419/1419	DNA
b2804	5	100.00	423/423	DNA
b2805	9	100.00	732/732	DNA
b2806	9	100.00	1101/1101	DNA
b2807	8	100.00	396/396	DNA
b2808	11	100.00	918/918	DNA
b2809	3	100.00	228/228	DNA
b2811	11	100.00	444/444	DNA
b2812	11	100.00	807/807	DNA
b2813	10	100.00	1098/1098	DNA
b2817	11	100.00	1254/1254	DNA
b2818	9	100.00	1332/1332	DNA
b2819	11	100.00	1827/1827	DNA
b2820	10	100.00	3543/3543	DNA
b2821	10	100.00	2889/2889	DNA
b2822	12	100.00	3369/3369	DNA
b2823	6	100.00	324/324	DNA
b2824	10	100.00	408/408	DNA
b2825	8	100.00	564/564	DNA
b2826	6	100.00	471/471	DNA
b2827	10	100.00	795/795	DNA
b2828	11	100.00	876/876	DNA
b2829	12	100.00	2247/2247	DNA
b2830	1	100.00	531/531	DNA
b2831	10	100.00	690/690	DNA
b2832	9	100.00	714/714	DNA
b2833	5	100.00	219/219	DNA
b2834	11	100.00	1041/1041	DNA
b2835	10	100.00	1194/1194	DNA
b2836	11	100.00	2160/2160	DNA
b2837	11	100.00	1032/1032	DNA
b2838	13	100.00	1263/1263	DNA
b2839	14	100.00	936/936	DNA
b2840	7	100.00	693/693	DNA
b2841	9	100.00	1419/1419	DNA
b2842	11	100.00	762/762	DNA
b2843	11	100.00	837/837	DNA
b2844	11	100.00	1182/1182	DNA
b2889	11	100.00	549/549	DNA
b2892	11	100.00	1734/1734	DNA
b2893	7	100.00	711/711	DNA
b2894	10	100.00	897/897	DNA
b2895	7	100.00	522/522	DNA
b2896	7	100.00	408/408	DNA
b2897	5	100.00	267/267	DNA
b2898	10	100.00	981/981	DNA
b2899	9	100.00	660/660	DNA
b2900	7	100.00	312/312	DNA
b2901	9	100.00	1440/1440	DNA
b2903	9	100.00	2874/2874	DNA
b2904	9	100.00	390/390	DNA
b2905	8	100.00	1095/1095	DNA
b2906	10	100.00	1203/1203	DNA
b2907	11	100.00	1179/1179	DNA
b2908	10	100.00	1326/1326	DNA
b2909	11	100.00	579/579	DNA
b2910	2	100.00	330/330	DNA
b2912	9	100.00	549/549	DNA
b2913	10	100.00	1233/1233	DNA
b2914	9	100.00	660/660	DNA
b2916	8	100.00	894/894	DNA
b2922	8	100.00	741/741	DNA
b2923	9	99.84	636/636	DNA
b2925	9	100.00	1080/1080	DNA
b2926	8	100.00	1164/1164	DNA
b2927	9	100.00	1020/1020	DNA
b2935	10	100.00	1992/1992	DNA
b2936	11	100.00	759/759	DNA
b2937	10	100.00	921/921	DNA
b2938	10	100.00	1977/1977	DNA
b2939	1	100.00	132/132	DNA
b2940	1	100.00	216/216	DNA
b2942	10	100.00	1155/1155	DNA
b2943	11	100.00	1395/1395	DNA
b2944	9	100.00	498/498	DNA
b2945	8	100.00	708/708	DNA
b2946	8	100.00	732/732	DNA
b2947	9	100.00	951/951	DNA
b2948	8	100.00	564/564	DNA
b2949	12	100.00	417/417	DNA
b2950	9	100.00	981/981	DNA
b2951	8	100.00	705/705	DNA
b2952	11	100.00	567/567	DNA
b2953	10	100.00	291/291	DNA
b2954	12	100.00	594/594	DNA
b2955	12	100.00	1137/1137	DNA
b2957	12	100.00	1047/1047	DNA
b2958	8	100.00	720/720	DNA
b2959	6	100.00	327/327	DNA
b2960	9	100.00	720/720	DNA
b2961	11	100.00	1053/1053	DNA
b2962	2	100.00	276/276	DNA
b2963	10	100.00	1080/1080	DNA
b2964	11	100.00	1257/1257	DNA
b2966	12	100.00	708/708	DNA
b2988	9	100.00	1860/1860	DNA
b2989	10	100.00	867/867	DNA
b2990	122	100.00	249/249	DNA
b2991	7	100.00	342/342	DNA
b2992	8	100.00	489/489	DNA
b2993	9	100.00	495/495	DNA
b2994	10	100.00	1704/1704	DNA
b2995	9	100.00	1179/1179	DNA
b2996	21	100.00	987/987	DNA
b2997	9	100.00	1119/1119	DNA
b2998	1	100.00	288/288	DNA
b3001	8	100.00	1041/1041	DNA
b3002	7	100.00	495/495	DNA
b3005	9	100.00	426/426	DNA
b3006	10	100.00	735/735	DNA
b3008	13	100.00	1188/1188	DNA
b3010	10	100.00	957/957	DNA
b3011	10	100.00	1164/1164	DNA
b3012	8	100.00	828/828	DNA
b3014	6	100.00	258/258	DNA
b3017	11	100.00	1413/1413	DNA
b3018	11	100.00	738/738	DNA
b3019	11	100.00	2259/2259	DNA
b3023	10	100.00	483/483	DNA
b3024	1	100.00	393/393	DNA
b3025	10	100.00	660/660	DNA
b3026	10	100.00	1350/1350	DNA
b3028	10	100.00	582/582	DNA
b3029	9	100.00	315/315	DNA
b3031	9	100.00	582/582	DNA
b3032	11	100.00	828/828	DNA
b3033	3	100.00	423/423	DNA
b3034	9	100.00	630/630	DNA
b3035	10	100.00	1482/1482	DNA
b3037	10	100.00	672/672	DNA
b3038	11	100.00	1161/1161	DNA
b3039	12	100.00	789/789	DNA
b3040	11	100.00	774/774	DNA
b3041	10	100.00	654/654	DNA
b3049	7	100.00	201/201	DNA
b3052	9	100.00	1434/1434	DNA
b3053	31	100.00	2841/2841	DNA
b3054	10	100.00	1302/1302	DNA
b3055	8	100.00	621/621	DNA
b3056	9	100.00	1239/1239	DNA
b3057	10	100.00	822/822	DNA
b3058	8	100.00	369/369	DNA
b3059	9	100.00	618/618	DNA
b3061	10	100.00	912/912	DNA
b3062	9	100.00	606/606	DNA
b3063	11	100.00	1464/1464	DNA
b3064	8	100.00	1014/1014	DNA
b3065	1	100.00	216/216	DNA
b3066	9	100.00	1746/1746	DNA
b3067	10	100.00	1842/1842	DNA
b3068	11	100.00	507/507	DNA
b3070	10	100.00	765/765	DNA
b3071	10	100.00	624/624	DNA
b3072	13	100.00	1521/1521	DNA
b3073	8	100.00	1380/1380	DNA
b3074	6	100.00	333/333	DNA
b3075	9	100.00	984/984	DNA
b3076	10	100.00	3093/3093	DNA
b3077	7	100.00	450/450	DNA
b3081	13	100.00	2019/2019	DNA
b3084	10	100.00	1137/1137	DNA
b3085	9	100.00	504/504	DNA
b3087	8	100.00	987/987	DNA
b3088	9	100.00	966/966	DNA
b3089	11	100.00	1245/1245	DNA
b3090	11	100.00	552/552	DNA
b3091	10	100.00	1488/1488	DNA
b3092	10	100.00	1413/1413	DNA
b3093	10	100.00	1299/1299	DNA
b3094	11	100.00	777/777	DNA
b3095	10	100.00	663/663	DNA
b3096	8	100.00	384/384	DNA
b3097	8	100.00	369/369	DNA
b3098	7	100.00	306/306	DNA
b3099	5	100.00	405/405	DNA
b3100	5	100.00	300/300	DNA
b3101	9	100.00	393/393	DNA
b3102	11	100.00	987/987	DNA
b3105	10	100.00	897/897	DNA
b3106	12	100.00	702/702	DNA
b3107	2	100.00	165/165	DNA
b3113	6	100.00	390/390	DNA
b3115	8	100.00	1209/1209	DNA
b3116	10	100.00	1332/1332	DNA
b3117	10	100.00	990/990	DNA
b3118	10	100.00	939/939	DNA
b3119	9	100.00	219/219	DNA
b3124	11	100.00	1146/1146	DNA
b3125	10	100.00	885/885	DNA
b3126	11	100.00	771/771	DNA
b3127	9	100.00	1335/1335	DNA
b3147	12	100.00	2037/2037	DNA
b3148	8	100.00	396/396	DNA
b3149	7	100.00	591/591	DNA
b3150	12	100.00	576/576	DNA
b3151	10	100.00	1041/1041	DNA
b3152	10	100.00	636/636	DNA
b3155	9	100.00	303/303	DNA
b3156	8	100.00	504/504	DNA
b3157	11	100.00	525/525	DNA
b3158	10	100.00	996/996	DNA
b3159	9	100.00	879/879	DNA
b3160	10	100.00	1008/1008	DNA
b3161	11	100.00	1245/1245	DNA
b3162	10	100.00	1890/1890	DNA
b3163	1	100.00	885/885	DNA
b3164	9	100.00	2136/2136	DNA
b3165	2	100.00	270/270	DNA
b3166	9	100.00	945/945	DNA
b3167	6	100.00	402/402	DNA
b3168	10	100.00	2673/2673	DNA
b3169	11	100.00	1488/1488	DNA
b3170	4	100.00	453/453	DNA
b3172	10	100.00	1344/1344	DNA
b3175	8	100.00	333/333	DNA
b3176	10	100.00	1338/1338	DNA
b3177	11	100.00	849/849	DNA
b3178	9	100.00	1935/1935	DNA
b3179	1	100.00	630/630	DNA
b3180	1	100.00	294/294	DNA
b3181	7	100.00	477/477	DNA
b3182	11	100.00	1434/1434	DNA
b3183	10	100.00	1173/1173	DNA
b3184	11	100.00	966/966	DNA
b3185	1	100.00	258/258	DNA
b3186	1	100.00	312/312	DNA
b3187	11	100.00	972/972	DNA
b3188	6	100.00	279/279	DNA
b3189	11	100.00	1260/1260	DNA
b3190	1	100.00	255/255	DNA
b3191	7	100.00	294/294	DNA
b3192	8	100.00	636/636	DNA
b3193	8	100.00	552/552	DNA
b3194	8	100.00	783/783	DNA
b3195	9	100.00	810/810	DNA
b3196	11	100.00	978/978	DNA
b3197	12	100.00	987/987	DNA
b3198	11	100.00	567/567	DNA
b3199	7	100.00	576/576	DNA
b3200	9	100.00	558/558	DNA
b3201	8	100.00	726/726	DNA
b3202	8	100.00	1434/1434	DNA
b3203	1	100.00	288/288	DNA
b3204	8	100.00	492/492	DNA
b3205	10	100.00	855/855	DNA
b3206	10	100.00	273/273	DNA
b3207	10	100.00	633/633	DNA
b3208	11	100.00	729/729	DNA
b3209	13	100.00	654/654	DNA
b3210	12	100.00	2337/2337	DNA
b3211	12	100.00	930/930	DNA
b3212	10	100.00	4461/4461	DNA
b3213	10	100.00	1419/1419	DNA
b3221	9	100.00	465/465	DNA
b3222	10	100.00	876/876	DNA
b3223	11	100.00	690/690	DNA
b3224	11	100.00	1491/1491	DNA
b3225	9	100.00	894/894	DNA
b3226	9	100.00	792/792	DNA
b3228	9	100.00	498/498	DNA
b3229	9	100.00	639/639	DNA
b3230	6	100.00	393/393	DNA
b3231	1	100.00	429/429	DNA
b3232	11	100.00	1128/1128	DNA
b3233	2	100.00	399/399	DNA
b3234	14	100.00	1368/1368	DNA
b3235	12	100.00	1068/1068	DNA
b3236	9	100.00	939/939	DNA
b3237	7	100.00	471/471	DNA
b3238	1	100.00	264/264	DNA
b3239	1	100.00	273/273	DNA
b3240	13	100.00	1968/1968	DNA
b3241	11	100.00	930/930	DNA
b3242	6	100.00	204/204	DNA
b3243	10	100.00	930/930	DNA
b3244	10	100.00	1446/1446	DNA
b3247	10	100.00	1470/1470	DNA
b3248	10	100.00	594/594	DNA
b3249	9	100.00	489/489	DNA
b3250	10	100.00	1104/1104	DNA
b3251	8	100.00	1044/1044	DNA
b3252	13	100.00	1941/1941	DNA
b3253	9	100.00	975/975	DNA
b3255	6	100.00	471/471	DNA
b3256	9	100.00	1350/1350	DNA
b3257	9	100.00	243/243	DNA
b3258	11	100.00	1452/1452	DNA
b3259	11	100.00	882/882	DNA
b3260	1	100.00	966/966	DNA
b3261	1	100.00	297/297	DNA
b3262	9	100.00	885/885	DNA
b3263	1	100.00	180/180	DNA
b3279	7	100.00	555/555	DNA
b3280	8	100.00	258/258	DNA
b3281	10	100.00	819/819	DNA
b3282	10	100.00	573/573	DNA
b3283	9	100.00	543/543	DNA
b3284	8	100.00	474/474	DNA
b3288	11	100.00	948/948	DNA
b3289	9	100.00	1290/1290	DNA
b3290	9	100.00	1377/1377	DNA
b3294	1	100.00	384/384	DNA
b3295	1	100.00	990/990	DNA
b3296	1	100.00	621/621	DNA
b3297	4	100.00	390/390	DNA
b3298	1	100.00	357/357	DNA
b3299	1	100.00	117/117	DNA
b3300	7	100.00	1332/1332	DNA
b3301	7	100.00	435/435	DNA
b3302	1	100.00	180/180	DNA
b3303	7	100.00	504/504	DNA
b3304	1	100.00	354/354	DNA
b3305	1	100.00	534/534	DNA
b3306	1	100.00	393/393	DNA
b3307	1	100.00	306/306	DNA
b3308	1	100.00	540/540	DNA
b3309	2	100.00	315/315	DNA
b3310	1	100.00	372/372	DNA
b3311	1	100.00	255/255	DNA
b3312	1	100.00	192/192	DNA
b3313	3	100.00	411/411	DNA
b3314	1	100.00	702/702	DNA
b3315	1	100.00	333/333	DNA
b3316	2	100.00	279/279	DNA
b3317	6	100.00	822/822	DNA
b3318	1	100.00	303/303	DNA
b3319	1	100.00	606/606	DNA
b3320	4	100.00	630/630	DNA
b3321	1	100.00	312/312	DNA
b3340	9	100.00	2115/2115	DNA
b3342	1	100.00	375/375	DNA
b3343	9	100.00	288/288	DNA
b3344	10	100.00	360/360	DNA
b3345	11	100.00	387/387	DNA
b3346	7	100.00	723/723	DNA
b3347	9	100.00	813/813	DNA
b3348	1	100.00	219/219	DNA
b3349	10	100.00	591/591	DNA
b3351	8	100.00	555/555	DNA
b3352	10	100.00	1914/1914	DNA
b3353	10	100.00	1023/1023	DNA
b3354	4	100.00	219/219	DNA
b3355	8	100.00	870/870	DNA
b3356	9	100.00	405/405	DNA
b3357	9	100.00	633/633	DNA
b3358	10	100.00	2103/2103	DNA
b3360	12	100.00	564/564	DNA
b3361	11	100.00	603/603	DNA
b3362	1	100.00	168/168	DNA
b3363	10	100.00	573/573	DNA
b3364	8	100.00	1182/1182	DNA
b3365	11	100.00	2544/2544	DNA
b3366	1	100.00	327/327	DNA
b3367	10	100.00	807/807	DNA
b3368	11	100.00	1374/1374	DNA
b3369	7	100.00	168/168	DNA
b3384	10	100.00	1005/1005	DNA
b3385	12	100.00	759/759	DNA
b3386	10	100.00	678/678	DNA
b3387	10	100.00	837/837	DNA
b3388	11	100.00	1287/1287	DNA
b3389	11	100.00	1089/1089	DNA
b3390	5	100.00	522/522	DNA
b3391	11	100.00	1239/1239	DNA
b3392	6	100.00	405/405	DNA
b3393	10	100.00	441/441	DNA
b3394	9	100.00	540/540	DNA
b3395	9	100.00	779/779	DNA
b3396	10	100.00	2553/2553	DNA
b3397	11	100.00	561/561	DNA
b3398	10	100.00	2136/2136	DNA
b3399	10	100.00	669/669	DNA
b3400	8	100.00	402/402	DNA
b3401	8	100.00	879/879	DNA
b3402	9	100.00	1725/1725	DNA
b3403	11	100.00	1623/1623	DNA
b3404	11	100.00	1353/1353	DNA
b3405	8	100.00	720/720	DNA
b3406	9	100.00	477/477	DNA
b3407	11	100.00	2322/2322	DNA
b3408	1	100.00	228/228	DNA
b3409	11	100.00	2322/2322	DNA
b3410	7	100.00	237/237	DNA
b3412	8	100.00	771/771	DNA
b3413	10	100.00	684/684	DNA
b3414	9	100.00	576/576	DNA
b3415	11	100.00	1317/1317	DNA
b3418	12	100.00	2706/2706	DNA
b3424	10	100.00	831/831	DNA
b3425	9	100.00	327/327	DNA
b3426	11	100.00	1506/1506	DNA
b3428	10	100.00	2448/2448	DNA
b3429	11	100.00	1434/1434	DNA
b3430	8	100.00	1296/1296	DNA
b3431	10	100.00	1974/1974	DNA
b3432	11	100.00	2187/2187	DNA
b3433	9	100.00	1104/1104	DNA
b3434	10	100.00	594/594	DNA
b3437	7	100.00	528/528	DNA
b3438	10	100.00	996/996	DNA
b3439	10	100.00	696/696	DNA
b3440	11	100.00	1038/1038	DNA
b3448	7	100.00	441/441	DNA
b3449	10	100.00	744/744	DNA
b3450	11	100.00	1071/1071	DNA
b3451	12	100.00	846/846	DNA
b3452	9	100.00	888/888	DNA
b3454	10	100.00	714/714	DNA
b3455	10	99.87	768/768	DNA
b3456	10	100.00	1278/1278	DNA
b3457	9	100.00	927/927	DNA
b3459	11	100.00	384/384	DNA
b3461	11	100.00	855/855	DNA
b3462	12	100.00	1059/1059	DNA
b3463	10	100.00	669/669	DNA
b3464	11	100.00	1497/1497	DNA
b3465	12	100.00	597/597	DNA
b3466	9	100.00	270/270	DNA
b3467	11	100.00	360/360	DNA
b3468	274	100.00	627/627	DNA
b3469	11	100.00	2199/2199	DNA
b3470	9	100.00	246/246	DNA
b3471	9	100.00	666/666	DNA
b3472	11	100.00	558/558	DNA
b3473	9	100.00	1218/1218	DNA
b3474	10	100.00	1050/1050	DNA
b3475	9	100.00	588/588	DNA
b3476	10	100.00	1575/1575	DNA
b3477	11	100.00	945/945	DNA
b3478	11	100.00	834/834	DNA
b3479	9	100.00	765/765	DNA
b3480	10	100.00	807/807	DNA
b3481	10	100.00	402/402	DNA
b3485	10	100.00	1125/1125	DNA
b3486	11	100.00	2736/2736	DNA
b3487	10	100.00	1068/1068	DNA
b3494	6	100.00	336/336	DNA
b3495	8	100.00	435/435	DNA
b3496	10	100.00	1470/1470	DNA
b3497	10	100.00	753/753	DNA
b3498	10	100.00	2043/2043	DNA
b3499	8	100.00	843/843	DNA
b3500	9	100.00	1353/1353	DNA
b3503	11	100.00	426/426	DNA
b3506	10	100.00	567/567	DNA
b3507	8	100.00	531/531	DNA
b3509	6	100.00	327/327	DNA
b3510	1	100.00	333/333	DNA
b3511	9	100.00	573/573	DNA
b3512	1	100.00	528/528	DNA
b3515	10	100.00	729/729	DNA
b3519	12	100.00	1650/1650	DNA
b3520	10	100.00	603/603	DNA
b3521	10	100.00	900/900	DNA
b3522	11	100.00	1014/1014	DNA
b3523	11	100.00	1323/1323	DNA
b3524	11	100.00	2061/2061	DNA
b3525	10	100.00	768/768	DNA
b3526	9	100.00	930/930	DNA
b3527	9	100.00	1497/1497	DNA
b3528	10	100.00	1287/1287	DNA
b3529	10	100.00	1989/1989	DNA
b3531	10	100.00	1107/1107	DNA
b3539	11	100.00	1272/1272	DNA
b3541	9	100.00	984/984	DNA
b3542	8	100.00	903/903	DNA
b3543	9	100.00	1020/1020	DNA
b3544	10	100.00	1608/1608	DNA
b3546	11	100.00	1692/1692	DNA
b3548	11	100.00	699/699	DNA
b3549	11	100.00	564/564	DNA
b3550	10	100.00	441/441	DNA
b3551	13	100.00	2334/2334	DNA
b3552	9	100.00	660/660	DNA
b3553	12	100.00	975/975	DNA
b3554	9	100.00	711/711	DNA
b3555	1	100.00	291/291	DNA
b3559	10	100.00	2070/2070	DNA
b3560	9	100.00	912/912	DNA
b3561	14	100.00	996/996	DNA
b3563	10	100.00	342/342	DNA
b3565	12	100.00	1323/1323	DNA
b3590	10	100.00	1845/1845	DNA
b3591	14	100.00	1392/1392	DNA
b3592	11	100.00	609/609	DNA
b3598	2	100.00	363/363	DNA
b3599	11	100.00	1914/1914	DNA
b3600	11	100.00	1149/1149	DNA
b3601	7	100.00	588/588	DNA
b3602	8	100.00	363/363	DNA
b3603	12	100.00	1656/1656	DNA
b3604	12	100.00	777/777	DNA
b3605	11	100.00	1191/1191	DNA
b3606	12	100.00	474/474	DNA
b3607	11	100.00	822/822	DNA
b3608	11	100.00	1020/1020	DNA
b3609	2	100.00	468/468	DNA
b3610	2	100.00	252/252	DNA
b3611	9	100.00	432/432	DNA
b3612	11	100.00	1545/1545	DNA
b3613	11	100.00	1260/1260	DNA
b3614	2	100.00	960/960	DNA
b3616	11	100.00	1026/1026	DNA
b3617	8	100.00	1197/1197	DNA
b3619	2	100.00	933/933	DNA
b3620	12	100.00	1047/1047	DNA
b3630	3	100.00	798/798	DNA
b3631	4	100.00	1125/1125	DNA
b3633	12	100.00	1278/1278	DNA
b3634	11	100.00	480/480	DNA
b3635	11	100.00	810/810	DNA
b3636	1	100.00	168/168	DNA
b3637	1	100.00	237/237	DNA
b3639	12	100.00	1221/1221	DNA
b3640	8	100.00	456/456	DNA
b3641	13	100.00	597/597	DNA
b3642	11	100.00	642/642	DNA
b3644	2	100.00	864/864	DNA
b3646	3	100.00	618/618	DNA
b3647	11	100.00	1683/1683	DNA
b3648	8	100.00	624/624	DNA
b3649	1	100.00	276/276	DNA
b3650	11	100.00	2109/2109	DNA
b3651	1	100.00	690/690	DNA
b3652	12	100.00	2082/2082	DNA
b3653	11	100.00	1206/1206	DNA
b3654	2	100.00	1392/1392	DNA
b3655	12	100.00	1710/1710	DNA
b3663	11	100.00	453/453	DNA
b3666	10	100.00	1392/1392	DNA
b3667	11	100.00	1320/1320	DNA
b3668	11	100.00	1503/1503	DNA
b3669	10	100.00	591/591	DNA
b3670	9	100.00	291/291	DNA
b3671	12	100.00	1689/1689	DNA
b3672	6	100.00	99/99	DNA
b3673	12	100.00	1185/1185	DNA
b3674	11	100.00	498/498	DNA
b3675	9	100.00	363/363	DNA
b3676	12	100.00	348/348	DNA
b3685	12	100.00	1662/1662	DNA
b3686	7	100.00	429/429	DNA
b3687	6	100.00	414/414	DNA
b3688	8	100.00	333/333	DNA
b3689	11	100.00	1248/1248	DNA
b3697	10	100.00	813/813	DNA
b3698	8	100.00	399/399	DNA
b3699	10	100.00	2415/2415	DNA
b3700	11	100.00	1074/1074	DNA
b3701	10	100.00	1101/1101	DNA
b3702	10	100.00	1404/1404	DNA
b3703	1	100.00	141/141	DNA
b3704	3	100.00	360/360	DNA
b3705	8	100.00	1647/1647	DNA
b3706	9	100.00	1365/1365	DNA
b3710	11	100.00	1176/1176	DNA
b3712	11	100.00	750/750	DNA
b3713	9	99.82	567/567	DNA
b3725	8	100.00	774/774	DNA
b3726	11	100.00	891/891	DNA
b3727	9	100.00	960/960	DNA
b3728	9	100.00	1041/1041	DNA
b3729	11	100.00	1830/1830	DNA
b3730	10	100.00	1371/1371	DNA
b3731	5	100.00	420/420	DNA
b3732	11	100.00	1383/1383	DNA
b3733	1	100.00	864/864	DNA
b3734	8	100.00	1542/1542	DNA
b3735	6	100.00	534/534	DNA
b3736	1	100.00	471/471	DNA
b3737	1	100.00	240/240	DNA
b3738	1	100.00	816/816	DNA
b3739	4	100.00	381/381	DNA
b3740	4	100.00	624/624	DNA
b3741	11	100.00	1890/1890	DNA
b3742	9	100.00	444/444	DNA
b3743	9	100.00	459/459	DNA
b3744	12	100.00	993/993	DNA
b3745	31	100.00	1452/1452	DNA
b3746	11	100.00	1497/1497	DNA
b3747	10	100.00	1869/1869	DNA
b3748	7	100.00	420/420	DNA
b3750	10	100.00	966/966	DNA
b3752	11	100.00	930/930	DNA
b3753	12	100.00	993/993	DNA
b3754	538	100.00	1428/1428	DNA
b3755	252	100.00	693/693	DNA
b3764	7	100.00	339/339	DNA
b3766	1	100.00	99/99	DNA
b3769	4	100.00	264/264	DNA
b3770	11	100.00	930/930	DNA
b3771	11	100.00	1851/1851	DNA
b3772	11	100.00	1545/1545	DNA
b3774	11	100.00	1476/1476	DNA
b3775	11	100.00	282/282	DNA
b3779	12	100.00	1485/1485	DNA
b3780	9	100.00	1266/1266	DNA
b3781	2	100.00	330/330	DNA
b3783	10	100.00	1260/1260	DNA
b3784	12	100.00	1104/1104	DNA
b3785	12	100.00	1047/1047	DNA
b3786	12	100.00	1131/1131	DNA
b3787	12	100.00	1263/1263	DNA
b3788	11	100.00	1068/1068	DNA
b3789	10	100.00	882/882	DNA
b3790	8	100.00	675/675	DNA
b3791	9	100.00	1131/1131	DNA
b3792	12	100.00	1251/1251	DNA
b3793	11	100.00	1353/1353	DNA
b3794	12	100.00	741/741	DNA
b3795	10	100.00	1386/1386	DNA
b3800	10	100.00	1236/1236	DNA
b3802	10	100.00	1197/1197	DNA
b3804	12	100.00	741/741	DNA
b3805	11	100.00	942/942	DNA
b3806	10	100.00	2547/2547	DNA
b3807	11	100.00	321/321	DNA
b3809	10	100.00	825/825	DNA
b3810	10	100.00	708/708	DNA
b3811	10	100.00	897/897	DNA
b3812	11	100.00	717/717	DNA
b3813	11	100.00	2163/2163	DNA
b3820	13	100.00	468/468	DNA
b3821	11	100.00	870/870	DNA
b3822	12	100.00	1830/1830	DNA
b3823	13	100.00	621/621	DNA
b3824	12	100.00	621/621	DNA
b3825	11	100.00	1023/1023	DNA
b3826	9	100.00	801/801	DNA
b3827	12	100.00	900/900	DNA
b3828	9	100.00	954/954	DNA
b3829	11	100.00	2262/2262	DNA
b3832	10	100.00	1428/1428	DNA
b3833	1	100.00	756/756	DNA
b3834	9	100.00	606/606	DNA
b3835	11	100.00	1641/1641	DNA
b3836	1	100.00	270/270	DNA
b3838	9	100.00	516/516	DNA
b3839	10	100.00	777/777	DNA
b3842	11	100.00	489/489	DNA
b3843	11	100.00	1494/1494	DNA
b3844	11	100.00	702/702	DNA
b3845	10	100.00	1164/1164	DNA
b3846	10	100.00	2190/2190	DNA
b3847	11	100.00	1332/1332	DNA
b3848	12	100.00	615/615	DNA
b3849	403	100.00	1452/1452	DNA
b3850	12	100.00	546/546	DNA
b3856	7	100.00	528/528	DNA
b3857	10	100.00	585/585	DNA
b3858	6	100.00	270/270	DNA
b3859	13	100.00	987/987	DNA
b3860	11	100.00	627/627	DNA
b3863	12	100.00	2787/2787	DNA
b3865	8	100.00	633/633	DNA
b3866	9	100.00	507/507	DNA
b3867	10	100.00	1374/1374	DNA
b3868	10	100.00	1410/1410	DNA
b3869	10	100.00	1050/1050	DNA
b3870	9	100.00	1410/1410	DNA
b3871	11	100.00	1824/1824	DNA
b3885	9	100.00	600/600	DNA
b3886	10	100.00	873/873	DNA
b3887	9	100.00	438/438	DNA
b3888	11	100.00	990/990	DNA
b3891	10	100.00	930/930	DNA
b3892	5	100.00	636/636	DNA
b3893	8	100.00	903/903	DNA
b3905	14	100.00	837/837	DNA
b3906	9	100.00	849/849	DNA
b3908	10	100.00	621/621	DNA
b3910	11	100.00	675/675	DNA
b3911	10	100.00	1374/1374	DNA
b3912	10	100.00	699/699	DNA
b3915	9	100.00	903/903	DNA
b3916	295	100.00	963/963	DNA
b3917	11	100.00	990/990	DNA
b3918	10	100.00	756/756	DNA
b3919	9	100.00	768/768	DNA
b3920	11	100.00	600/600	DNA
b3921	9	100.00	441/441	DNA
b3922	7	100.00	300/300	DNA
b3923	6	100.00	429/429	DNA
b3924	8	100.00	747/747	DNA
b3925	10	100.00	1011/1011	DNA
b3927	8	100.00	846/846	DNA
b3928	4	100.00	246/246	DNA
b3929	7	100.00	486/486	DNA
b3930	8	100.00	927/927	DNA
b3931	9	100.00	1332/1332	DNA
b3932	8	100.00	531/531	DNA
b3933	9	100.00	960/960	DNA
b3934	11	100.00	1026/1026	DNA
b3935	12	100.00	2199/2199	DNA
b3936	1	100.00	213/213	DNA
b3937	10	100.00	609/609	DNA
b3938	1	100.00	318/318	DNA
b3939	11	100.00	1161/1161	DNA
b3940	11	100.00	2433/2433	DNA
b3941	9	100.00	891/891	DNA
b3942	12	100.00	2181/2181	DNA
b3943	9	100.00	906/906	DNA
b3944	9	100.00	618/618	DNA
b3945	11	100.00	1104/1104	DNA
b3949	10	100.00	1080/1080	DNA
b3950	7	100.00	321/321	DNA
b3951	10	100.00	2298/2298	DNA
b3952	10	100.00	879/879	DNA
b3953	8	100.00	342/342	DNA
b3954	11	100.00	852/852	DNA
b3955	11	100.00	1734/1734	DNA
b3956	11	100.00	2652/2652	DNA
b3957	12	100.00	1152/1152	DNA
b3958	10	100.00	1005/1005	DNA
b3959	9	100.00	777/777	DNA
b3960	10	100.00	1374/1374	DNA
b3961	9	100.00	918/918	DNA
b3962	10	100.00	1401/1401	DNA
b3963	9	100.00	648/648	DNA
b3964	9	100.00	360/360	DNA
b3965	11	100.00	1101/1101	DNA
b3967	8	100.00	858/858	DNA
b3972	12	100.00	1029/1029	DNA
b3973	9	100.00	966/966	DNA
b3974	11	100.00	951/951	DNA
b3981	4	100.00	384/384	DNA
b3982	1	100.00	546/546	DNA
b3983	2	100.00	429/429	DNA
b3984	9	100.00	705/705	DNA
b3985	1	100.00	498/498	DNA
b3986	1	100.00	366/366	DNA
b3987	11	100.00	4029/4029	DNA
b3988	11	100.00	4224/4224	DNA
b3990	12	100.00	1134/1134	DNA
b3991	11	100.00	771/771	DNA
b3992	11	100.00	756/756	DNA
b3993	13	100.00	636/636	DNA
b3994	11	100.00	1896/1896	DNA
b3995	9	100.00	477/477	DNA
b3996	9	100.00	774/774	DNA
b3997	10	100.00	1065/1065	DNA
b3998	11	100.00	672/672	DNA
b3999	10	100.00	591/591	DNA
b4000	?	-	-	DNA
b4001	11	100.00	696/696	DNA
b4002	7	100.00	426/426	DNA
b4003	10	100.00	1377/1377	DNA
b4004	10	100.00	1326/1326	DNA
b4005	11	100.00	1290/1290	DNA
b4006	11	100.00	1590/1590	DNA
b4012	9	100.00	444/444	DNA
b4013	8	100.00	930/930	DNA
b4015	10	100.00	1305/1305	DNA
b4018	13	100.00	825/825	DNA
b4019	11	100.00	3684/3684	DNA
b4020	10	100.00	1632/1632	DNA
b4021	10	100.00	690/690	DNA
b4022	11	100.00	873/873	DNA
b4024	10	100.00	1350/1350	DNA
b4025	10	100.00	1650/1650	DNA
b4026	2	100.00	243/243	DNA
b4027	12	100.00	639/639	DNA
b4030	8	100.00	411/411	DNA
b4032	9	100.00	891/891	DNA
b4033	11	100.00	1545/1545	DNA
b4034	9	100.00	1191/1191	DNA
b4035	10	100.00	1116/1116	DNA
b4036	8	100.00	1341/1341	DNA
b4037	11	100.00	921/921	DNA
b4039	11	100.00	498/498	DNA
b4040	10	100.00	862/873	DNA
b4041	11	99.96	2424/2424	DNA
b4042	9	100.00	369/369	DNA
b4043	8	100.00	609/609	DNA
b4044	9	100.00	1380/1380	DNA
b4045	1	100.00	210/210	DNA
b4046	10	100.00	516/516	DNA
b4050	10	100.00	243/243	DNA
b4051	12	100.00	984/984	DNA
b4052	9	100.00	1416/1416	DNA
b4053	10	100.00	1080/1080	DNA
b4054	11	100.00	1194/1194	DNA
b4055	12	100.00	714/714	DNA
b4056	1	100.00	417/417	DNA
b4057	10	100.00	357/357	DNA
b4058	11	100.00	2823/2823	DNA
b4059	9	100.00	537/537	DNA
b4060	7	100.00	282/282	DNA
b4062	8	100.00	324/324	DNA
b4065	9	100.00	1650/1650	DNA
b4067	9	100.00	1650/1650	DNA
b4068	9	100.00	315/315	DNA
b4069	10	100.00	1959/1959	DNA
b4070	574	100.00	1437/1437	DNA
b4071	9	100.00	567/567	DNA
b4072	9	100.00	672/672	DNA
b4073	12	100.00	957/957	DNA
b4074	10	100.00	1659/1659	DNA
b4075	9	100.00	384/384	DNA
b4076	10	100.00	597/597	DNA
b4077	9	100.00	1314/1314	DNA
b4078	9	100.00	690/690	DNA
b4080	9	100.00	1467/1467	DNA
b4081	11	100.00	2052/2052	DNA
b4082	10	100.00	1032/1032	DNA
b4107	11	100.00	444/444	DNA
b4108	2	100.00	336/336	DNA
b4111	11	100.00	1503/1503	DNA
b4112	476	100.00	1092/1092	DNA
b4113	9	100.00	669/669	DNA
b4114	14	100.00	1644/1644	DNA
b4115	9	100.00	1338/1338	DNA
b4116	8	100.00	762/762	DNA
b4117	10	100.00	2268/2268	DNA
b4123	10	100.00	1341/1341	DNA
b4124	10	100.00	720/720	DNA
b4125	11	100.00	1632/1632	DNA
b4135	8	100.00	576/576	DNA
b4136	11	99.94	1698/1698	DNA
b4137	2	100.00	339/339	DNA
b4138	13	100.00	1302/1302	DNA
b4139	9	100.00	1437/1437	DNA
b4140	11	100.00	477/477	DNA
b4141	11	100.00	1257/1257	DNA
b4142	3	100.00	294/294	DNA
b4143	11	100.00	1647/1647	DNA
b4144	12	100.00	354/354	DNA
b4146	11	100.00	1029/1029	DNA
b4147	9	100.00	567/567	DNA
b4148	11	100.00	318/318	DNA
b4149	9	100.00	534/534	DNA
b4150	9	100.00	1134/1134	DNA
b4151	10	100.00	360/360	DNA
b4152	11	100.00	396/396	DNA
b4153	8	100.00	735/735	DNA
b4154	11	100.00	1809/1809	DNA
b4155	9	100.00	978/978	DNA
b4159	12	100.00	3324/3324	DNA
b4160	10	100.00	969/969	DNA
b4161	11	100.00	1053/1053	DNA
b4162	8	100.00	546/546	DNA
b4166	12	100.00	1140/1140	DNA
b4167	10	100.00	1548/1548	DNA
b4168	10	100.00	462/462	DNA
b4169	11	100.00	1338/1338	DNA
b4170	12	100.00	1848/1848	DNA
b4171	8	100.00	951/951	DNA
b4172	1	100.00	309/309	DNA
b4173	11	100.00	1281/1281	DNA
b4174	9	100.00	1260/1260	DNA
b4175	9	100.00	1005/1005	DNA
b4176	1	100.00	198/198	DNA
b4177	9	100.00	1299/1299	DNA
b4178	2	100.00	426/426	DNA
b4179	11	100.00	2442/2442	DNA
b4180	10	100.00	732/732	DNA
b4186	11	100.00	1164/1164	DNA
b4187	14	100.00	1626/1626	DNA
b4188	1	100.00	276/276	DNA
b4189	9	100.00	330/330	DNA
b4190	12	100.00	750/750	DNA
b4191	12	100.00	756/756	DNA
b4192	10	100.00	1065/1065	DNA
b4193	10	100.00	1398/1398	DNA
b4194	11	100.00	306/306	DNA
b4195	11	100.00	465/465	DNA
b4196	11	100.00	651/651	DNA
b4197	10	100.00	855/855	DNA
b4198	11	100.00	687/687	DNA
b4199	8	100.00	276/276	DNA
b4200	6	100.00	396/396	DNA
b4201	6	100.00	315/315	DNA
b4202	1	100.00	228/228	DNA
b4203	6	100.00	450/450	DNA
b4206	9	100.00	639/639	DNA
b4207	2	100.00	621/621	DNA
b4209	10	100.00	663/663	DNA
b4210	10	100.00	966/966	DNA
b4211	11	100.00	861/861	DNA
b4212	9	100.00	381/381	DNA
b4214	13	100.00	741/741	DNA
b4217	4	100.00	207/207	DNA
b4218	11	100.00	1344/1344	DNA
b4219	10	100.00	639/639	DNA
b4220	12	100.00	1734/1734	DNA
b4221	13	100.00	3780/3780	DNA
b4222	1	100.00	342/342	DNA
b4226	10	100.00	531/531	DNA
b4227	11	100.00	957/957	DNA
b4230	10	100.00	1026/1026	DNA
b4232	10	100.00	999/999	DNA
b4233	12	100.00	1374/1374	DNA
b4234	11	100.00	552/552	DNA
b4235	11	100.00	1353/1353	DNA
b4237	12	100.00	465/465	DNA
b4238	11	100.00	2139/2139	DNA
b4239	12	100.00	1656/1656	DNA
b4240	11	100.00	1422/1422	DNA
b4241	12	100.00	948/948	DNA
b4242	12	100.00	2697/2697	DNA
b4244	7	100.00	462/462	DNA
b4245	7	100.00	936/936	DNA
b4246	1	100.00	135/135	DNA
b4255	8	100.00	417/417	DNA
b4256	12	100.00	504/504	DNA
b4258	11	100.00	2856/2856	DNA
b4259	7	100.00	444/444	DNA
b4260	11	100.00	1512/1512	DNA
b4261	10	100.00	1101/1101	DNA
b4262	11	100.00	1083/1083	DNA
b4322	10	100.00	1185/1185	DNA
b4324	10	100.00	774/774	DNA
b4352	11	100.00	957/957	DNA
b4354	11	100.00	2151/2151	DNA
b4358	11	100.00	1023/1023	DNA
b4359	13	100.00	2292/2292	DNA
b4360	10	100.00	495/495	DNA
b4361	12	100.00	738/738	DNA
b4362	13	100.00	540/540	DNA
b4363	13	100.00	474/474	DNA
b4364	12	100.00	771/771	DNA
b4366	10	100.00	678/678	DNA
b4367	11	100.00	789/789	DNA
b4371	11	100.00	1032/1032	DNA
b4372	7	100.00	414/414	DNA
b4373	10	100.00	447/447	DNA
b4374	1	100.00	678/678	DNA
b4376	11	100.00	606/606	DNA
b4377	13	100.00	1074/1074	DNA
b4379	11	100.00	864/864	DNA
b4381	10	100.00	780/780	DNA
b4382	11	100.00	1323/1323	DNA
b4383	11	100.00	1224/1224	DNA
b4384	10	100.00	720/720	DNA
b4386	12	100.00	1017/1017	DNA
b4387	11	100.00	645/645	DNA
b4388	12	100.00	969/969	DNA
b4389	11	100.00	1383/1383	DNA
b4390	9	100.00	1233/1233	DNA
b4391	12	100.00	1668/1668	DNA
b4392	12	100.00	1938/1938	DNA
b4393	8	100.00	327/327	DNA
b4395	12	100.00	648/648	DNA
b4396	12	100.00	870/870	DNA
b4397	9	100.00	474/474	DNA
b4398	11	100.00	690/690	DNA
b4399	12	100.00	1425/1425	DNA
b4400	12	100.00	1353/1353	DNA
b4401	8	100.00	717/717	DNA
b4402	1	100.00	141/141	DNA
b4403	13	100.00	687/687	DNA
b4406	1	100.00	201/201	DNA
b4407	9	100.00	201/201	DNA
b4409	5	100.00	126/126	DNA
b4410	5	100.00	126/126	DNA
b4411	5	100.00	147/147	DNA
b4455	9	100.00	153/153	DNA
b4461	11	100.00	1287/1287	DNA
b4469	10	100.00	2220/2220	DNA
b4470	11	100.00	1311/1311	DNA
b4472	14	100.00	3801/3801	DNA
b4473	9	100.00	1125/1125	DNA
b4476	10	100.00	1341/1341	DNA
b4480	6	100.00	840/840	DNA
b4481	12	100.00	1080/1080	DNA
b4483	12	100.00	783/783	DNA
b4484	6	100.00	501/501	DNA
b4485	11	100.00	1503/1503	DNA
b4502	6	100.00	255/255	DNA
b4513	4	100.00	90/90	DNA
b4515	2	100.00	114/114	DNA
b4522	1	100.00	165/165	DNA
b4523	4	100.00	168/168	DNA
b4529	11	100.00	267/267	DNA
b4535	1	100.00	108/108	DNA
b4536	8	100.00	240/240	DNA
b4537	11	100.00	252/252	DNA
b4542	1	100.00	108/108	DNA
b4544	7	100.00	336/336	DNA
b4546	1	100.00	219/219	DNA
b4547	1	100.00	201/201	DNA
b4551	2	100.00	201/201	DNA
b4553	2	100.00	300/300	DNA
b4555	8	100.00	294/294	DNA
b4557	3	100.00	258/258	DNA
b4558	9	100.00	204/204	DNA
b4567	8	100.00	237/237	DNA
b4568	1	100.00	162/162	DNA
b4592	2	100.00	93/93	DNA
b4595	3	100.00	174/174	DNA
b4596	6	100.00	174/174	DNA
b4598	2	100.00	96/96	DNA
b4601	2	100.00	84/84	DNA
b4602	3	100.00	90/90	DNA
b4606	2	100.00	60/60	DNA
b4613	2	100.00	84/84	DNA
b4620	7	100.00	279/279	DNA
b4637	1	100.00	87/87	DNA
b4663	1	100.00	87/87	DNA
b4669	3	100.00	51/51	DNA
b4670	1	100.00	54/54	DNA
b4675	3	100.00	75/75	DNA
b4676	1	100.00	99/99	DNA
b4678	1	100.00	63/63	DNA
b4680	1	100.00	72/72	DNA
b4684	2	100.00	126/126	DNA
b4685	1	100.00	81/81	DNA
b4686	7	100.00	111/111	DNA
b4687	1	100.00	81/81	DNA
b4702	1	100.00	54/54	DNA
b4703	2	100.00	90/90	DNA
b4705	1	100.00	129/129	DNA
